,source,target,y2030,y2040,y2050,polygon,technology,scenario
0,biomass,industry,1.9877016053270364,14.625913944995702,33.38764576077372,FR,((BM)MeOH)O_FR,wy2009__2030_wy2009__2040_wy2009__2050_wy2009__medium_bio__current__GA__GA_flex0__Base__Run_Model_Planning
1,electricity,industry,0.11765211994147566,0.8657083020402437,1.9762157926937713,FR,((BM)MeOH)O_FR,wy2009__2030_wy2009__2040_wy2009__2050_wy2009__medium_bio__current__GA__GA_flex0__Base__Run_Model_Planning
2,hydrogen,industry,1.512407022367558e-15,1.6911314309416048e-15,0.029234062689133204,ES,((BM+H2)MeOH)O_ES,wy2009__2030_wy2009__2040_wy2009__2050_wy2009__medium_bio__current__GA__GA_flex0__Base__Run_Model_Planning
3,biomass,industry,7.794713115278952e-15,8.715831221006734e-15,0.15066786155168643,ES,((BM+H2)MeOH)O_ES,wy2009__2030_wy2009__2040_wy2009__2050_wy2009__medium_bio__current__GA__GA_flex0__Base__Run_Model_Planning
4,electricity,industry,4.641126893066857e-16,5.189578894950575e-16,0.00897106351223782,ES,((BM+H2)MeOH)O_ES,wy2009__2030_wy2009__2040_wy2009__2050_wy2009__medium_bio__current__GA__GA_flex0__Base__Run_Model_Planning
5,hydrogen,industry,1.4687240373449267e-15,1.8980925821145606e-15,0.027699252352762,PT,((BM+H2)MeOH)O_PT,wy2009__2030_wy2009__2040_wy2009__2050_wy2009__medium_bio__current__GA__GA_flex0__Base__Run_Model_Planning
6,biomass,industry,7.569577730931545e-15,9.782477153975044e-15,0.14275768520269644,PT,((BM+H2)MeOH)O_PT,wy2009__2030_wy2009__2040_wy2009__2050_wy2009__medium_bio__current__GA__GA_flex0__Base__Run_Model_Planning
7,electricity,industry,4.507076816890539e-16,5.824681053511857e-16,0.008500075912832309,PT,((BM+H2)MeOH)O_PT,wy2009__2030_wy2009__2040_wy2009__2050_wy2009__medium_bio__current__GA__GA_flex0__Base__Run_Model_Planning
8,biomass,hydrocarbons,306.95662058908084,307.4973690236158,329.30098907439185,ES,(BM)FT_ES,wy2009__2030_wy2009__2040_wy2009__2050_wy2009__medium_bio__current__GA__GA_flex0__Base__Run_Model_Planning
9,electricity,hydrocarbons,11.032175175965115,11.051609946404241,11.835243006374482,ES,(BM)FT_ES,wy2009__2030_wy2009__2040_wy2009__2050_wy2009__medium_bio__current__GA__GA_flex0__Base__Run_Model_Planning
10,biomass,hydrocarbons,626.2206951502704,523.2601485805948,478.4694093814859,FR,(BM)FT_FR,wy2009__2030_wy2009__2040_wy2009__2050_wy2009__medium_bio__current__GA__GA_flex0__Base__Run_Model_Planning
11,electricity,hydrocarbons,22.5066864316338,18.806232654843093,17.196430982680976,FR,(BM)FT_FR,wy2009__2030_wy2009__2040_wy2009__2050_wy2009__medium_bio__current__GA__GA_flex0__Base__Run_Model_Planning
12,biomass,hydrocarbons,82.50227465670436,83.0352827578764,88.4392831660335,PT,(BM)FT_PT,wy2009__2030_wy2009__2040_wy2009__2050_wy2009__medium_bio__current__GA__GA_flex0__Base__Run_Model_Planning
13,electricity,hydrocarbons,2.965173204870521,2.984329783839412,3.178552273777448,PT,(BM)FT_PT,wy2009__2030_wy2009__2040_wy2009__2050_wy2009__medium_bio__current__GA__GA_flex0__Base__Run_Model_Planning
14,CO2,hydrocarbons,28.202000783414967,29.873176754602888,32.39378966282696,ES,(COEL)FT-MEA_ES,wy2009__2030_wy2009__2040_wy2009__2050_wy2009__medium_bio__current__GA__GA_flex0__Base__Run_Model_Planning
15,electricity,hydrocarbons,105.92191789436241,112.19857058175955,121.66556391882062,ES,(COEL)FT-MEA_ES,wy2009__2030_wy2009__2040_wy2009__2050_wy2009__medium_bio__current__GA__GA_flex0__Base__Run_Model_Planning
16,CO2,hydrocarbons,26.113917022380985,25.44901859193088,15.657224214456043,FR,(COEL)FT-MEA_FR,wy2009__2030_wy2009__2040_wy2009__2050_wy2009__medium_bio__current__GA__GA_flex0__Base__Run_Model_Planning
17,electricity,hydrocarbons,98.07943046266001,95.58218505446744,58.80587091794328,FR,(COEL)FT-MEA_FR,wy2009__2030_wy2009__2040_wy2009__2050_wy2009__medium_bio__current__GA__GA_flex0__Base__Run_Model_Planning
18,CO2,hydrocarbons,2.6909704627801925,3.0596714028320506,3.4790326925645974,PT,(COEL)FT-MEA_PT,wy2009__2030_wy2009__2040_wy2009__2050_wy2009__medium_bio__current__GA__GA_flex0__Base__Run_Model_Planning
19,electricity,hydrocarbons,10.106827334831506,11.491605351103093,13.066655023651396,PT,(COEL)FT-MEA_PT,wy2009__2030_wy2009__2040_wy2009__2050_wy2009__medium_bio__current__GA__GA_flex0__Base__Run_Model_Planning
20,hydrogen,industry,0.07275746641636327,0.07275746641636247,0.07275746641636177,FR,(EL)-CC_gco_FR,wy2009__2030_wy2009__2040_wy2009__2050_wy2009__medium_bio__current__GA__GA_flex0__Base__Run_Model_Planning
21,electricity,industry,8.430206214689187,8.430206214689095,8.430206214689013,FR,(EL)-CC_gco_FR,wy2009__2030_wy2009__2040_wy2009__2050_wy2009__medium_bio__current__GA__GA_flex0__Base__Run_Model_Planning
22,hydrogen,industry,0.004619852743983952,0.0046198527439840825,0.004619852743982936,FR,(EL)-CC_gfi_FR,wy2009__2030_wy2009__2040_wy2009__2050_wy2009__medium_bio__current__GA__GA_flex0__Base__Run_Model_Planning
23,electricity,industry,0.8329340659340208,0.8329340659340444,0.8329340659338377,FR,(EL)-CC_gfi_FR,wy2009__2030_wy2009__2040_wy2009__2050_wy2009__medium_bio__current__GA__GA_flex0__Base__Run_Model_Planning
24,hydrogen,industry,0.01162841017139279,0.011628410171391941,0.011628410171390864,FR,(EL)-CC_gfl_FR,wy2009__2030_wy2009__2040_wy2009__2050_wy2009__medium_bio__current__GA__GA_flex0__Base__Run_Model_Planning
25,electricity,industry,1.4388009049774302,1.438800904977325,1.438800904977192,FR,(EL)-CC_gfl_FR,wy2009__2030_wy2009__2040_wy2009__2050_wy2009__medium_bio__current__GA__GA_flex0__Base__Run_Model_Planning
26,CO2,hydrocarbons,1.2260287059451827e-14,11.878911672039944,22.925134279023684,ES,(H2)FT-DC_ES,wy2009__2030_wy2009__2040_wy2009__2050_wy2009__medium_bio__current__GA__GA_flex0__Base__Run_Model_Planning
27,hydrogen,hydrocarbons,5.81646906025438e-14,56.35538701081949,108.76036881479048,ES,(H2)FT-DC_ES,wy2009__2030_wy2009__2040_wy2009__2050_wy2009__medium_bio__current__GA__GA_flex0__Base__Run_Model_Planning
28,electricity,hydrocarbons,5.819110472160587e-16,0.5638097947743235,1.088097597648901,ES,(H2)FT-DC_ES,wy2009__2030_wy2009__2040_wy2009__2050_wy2009__medium_bio__current__GA__GA_flex0__Base__Run_Model_Planning
29,CO2,hydrocarbons,1.1310598058234503e-14,3.6306085337161838,3.421343840718665,PT,(H2)FT-DC_PT,wy2009__2030_wy2009__2040_wy2009__2050_wy2009__medium_bio__current__GA__GA_flex0__Base__Run_Model_Planning
30,hydrogen,hydrocarbons,5.3659219673797525e-14,17.224166207410065,16.231382264977544,PT,(H2)FT-DC_PT,wy2009__2030_wy2009__2040_wy2009__2050_wy2009__medium_bio__current__GA__GA_flex0__Base__Run_Model_Planning
31,electricity,hydrocarbons,5.368358773975918e-16,0.1723198815526596,0.16238753363478162,PT,(H2)FT-DC_PT,wy2009__2030_wy2009__2040_wy2009__2050_wy2009__medium_bio__current__GA__GA_flex0__Base__Run_Model_Planning
32,CO2,methanol,10.318044514807282,10.31839548409172,9.823070216567682,ES,(H2)MeOH-DC_ES,wy2009__2030_wy2009__2040_wy2009__2050_wy2009__medium_bio__current__GA__GA_flex0__Base__Run_Model_Planning
33,hydrogen,methanol,47.17161554801941,47.17322009509526,44.90871221694717,ES,(H2)MeOH-DC_ES,wy2009__2030_wy2009__2040_wy2009__2050_wy2009__medium_bio__current__GA__GA_flex0__Base__Run_Model_Planning
34,electricity,methanol,0.7370031796290918,0.7370282488636944,0.7016478726119775,ES,(H2)MeOH-DC_ES,wy2009__2030_wy2009__2040_wy2009__2050_wy2009__medium_bio__current__GA__GA_flex0__Base__Run_Model_Planning
35,CO2,methanol,19.65359537876123,17.9805337906831,15.57775549369853,FR,(H2)MeOH-DC_FR,wy2009__2030_wy2009__2040_wy2009__2050_wy2009__medium_bio__current__GA__GA_flex0__Base__Run_Model_Planning
36,hydrogen,methanol,89.85150665058667,82.20267184397945,71.21774791679307,FR,(H2)MeOH-DC_FR,wy2009__2030_wy2009__2040_wy2009__2050_wy2009__medium_bio__current__GA__GA_flex0__Base__Run_Model_Planning
37,electricity,methanol,1.4038282413400882,1.2843238421916503,1.1126968209784664,FR,(H2)MeOH-DC_FR,wy2009__2030_wy2009__2040_wy2009__2050_wy2009__medium_bio__current__GA__GA_flex0__Base__Run_Model_Planning
38,CO2,methanol,3.9377832580264314,3.922983684132747,3.926949881207747,PT,(H2)MeOH-DC_PT,wy2009__2030_wy2009__2040_wy2009__2050_wy2009__medium_bio__current__GA__GA_flex0__Base__Run_Model_Planning
39,hydrogen,methanol,18.002597070838434,17.93493698185689,17.95306948005857,PT,(H2)MeOH-DC_PT,wy2009__2030_wy2009__2040_wy2009__2050_wy2009__medium_bio__current__GA__GA_flex0__Base__Run_Model_Planning
40,electricity,methanol,0.2812702327161737,0.2802131202951963,0.2804964200862677,PT,(H2)MeOH-DC_PT,wy2009__2030_wy2009__2040_wy2009__2050_wy2009__medium_bio__current__GA__GA_flex0__Base__Run_Model_Planning
41,hydrocarbons,industry,0.0017098053640920215,4.505359678824962e-15,2.3120343230346636,ES,(LN)O_ES,wy2009__2030_wy2009__2040_wy2009__2050_wy2009__medium_bio__current__GA__GA_flex0__Base__Run_Model_Planning
42,electricity,industry,3.0173035836918025e-05,7.950634727338167e-17,0.04080060570061172,ES,(LN)O_ES,wy2009__2030_wy2009__2040_wy2009__2050_wy2009__medium_bio__current__GA__GA_flex0__Base__Run_Model_Planning
43,hydrocarbons,industry,0.027406829760697242,0.1738040512199786,1.7299994005111004e-12,FR,(LN)O_FR,wy2009__2030_wy2009__2040_wy2009__2050_wy2009__medium_bio__current__GA__GA_flex0__Base__Run_Model_Planning
44,electricity,industry,0.0004836499369534807,0.003067130315646681,3.052940118549001e-14,FR,(LN)O_FR,wy2009__2030_wy2009__2040_wy2009__2050_wy2009__medium_bio__current__GA__GA_flex0__Base__Run_Model_Planning
45,hydrocarbons,industry,0.04001589464797656,0.11211448546581242,8.505559047097093e-14,PT,(LN)O_PT,wy2009__2030_wy2009__2040_wy2009__2050_wy2009__medium_bio__current__GA__GA_flex0__Base__Run_Model_Planning
46,electricity,industry,0.0007061628467289981,0.001978490919984925,1.5009810083112517e-15,PT,(LN)O_PT,wy2009__2030_wy2009__2040_wy2009__2050_wy2009__medium_bio__current__GA__GA_flex0__Base__Run_Model_Planning
47,methanol,industry,40.75627583348769,40.757662162162305,38.80363370291611,ES,(MeOH)O-MEA_ES,wy2009__2030_wy2009__2040_wy2009__2050_wy2009__medium_bio__current__GA__GA_flex0__Base__Run_Model_Planning
48,electricity,industry,0.6208242922350946,0.6208454096335962,0.591080463980196,ES,(MeOH)O-MEA_ES,wy2009__2030_wy2009__2040_wy2009__2050_wy2009__medium_bio__current__GA__GA_flex0__Base__Run_Model_Planning
49,methanol,industry,77.63170174610764,71.02310847320838,61.529627852574585,FR,(MeOH)O-MEA_FR,wy2009__2030_wy2009__2040_wy2009__2050_wy2009__medium_bio__current__GA__GA_flex0__Base__Run_Model_Planning
50,electricity,industry,1.1825331266389392,1.0818670290278758,0.9372565790635077,FR,(MeOH)O-MEA_FR,wy2009__2030_wy2009__2040_wy2009__2050_wy2009__medium_bio__current__GA__GA_flex0__Base__Run_Model_Planning
51,methanol,industry,15.554243869204955,15.495785552325454,15.51145203077086,PT,(MeOH)O-MEA_PT,wy2009__2030_wy2009__2040_wy2009__2050_wy2009__medium_bio__current__GA__GA_flex0__Base__Run_Model_Planning
52,electricity,industry,0.23693166865400714,0.23604119614493282,0.2362798374386669,PT,(MeOH)O-MEA_PT,wy2009__2030_wy2009__2040_wy2009__2050_wy2009__medium_bio__current__GA__GA_flex0__Base__Run_Model_Planning
53,methane,industry,10.14669421487611,10.146694214876034,10.146694214874607,ES,(NG)DRI-EAF-MEA_ES,wy2009__2030_wy2009__2040_wy2009__2050_wy2009__medium_bio__current__GA__GA_flex0__Base__Run_Model_Planning
54,coal,industry,0.5466384683882498,0.5466384683882457,0.5466384683881689,ES,(NG)DRI-EAF-MEA_ES,wy2009__2030_wy2009__2040_wy2009__2050_wy2009__medium_bio__current__GA__GA_flex0__Base__Run_Model_Planning
55,electricity,industry,3.2937625754527406,3.293762575452716,3.2937625754522526,ES,(NG)DRI-EAF-MEA_ES,wy2009__2030_wy2009__2040_wy2009__2050_wy2009__medium_bio__current__GA__GA_flex0__Base__Run_Model_Planning
56,methane,industry,21.743801652892483,21.743801652892216,21.743801652892532,FR,(NG)DRI-EAF-MEA_FR,wy2009__2030_wy2009__2040_wy2009__2050_wy2009__medium_bio__current__GA__GA_flex0__Base__Run_Model_Planning
57,coal,industry,1.1714158504007082,1.171415850400694,1.1714158504007108,FR,(NG)DRI-EAF-MEA_FR,wy2009__2030_wy2009__2040_wy2009__2050_wy2009__medium_bio__current__GA__GA_flex0__Base__Run_Model_Planning
58,electricity,industry,7.058350100603596,7.058350100603509,7.0583501006036125,FR,(NG)DRI-EAF-MEA_FR,wy2009__2030_wy2009__2040_wy2009__2050_wy2009__medium_bio__current__GA__GA_flex0__Base__Run_Model_Planning
59,methane,industry,4.000000000000305,3.999999999999783,3.8442320310864857,ES,(NG)NH3-MVR-DEA_ES,wy2009__2030_wy2009__2040_wy2009__2050_wy2009__medium_bio__current__GA__GA_flex0__Base__Run_Model_Planning
60,electricity,industry,0.3268206039076626,0.32682060390761997,0.3140935584901925,ES,(NG)NH3-MVR-DEA_ES,wy2009__2030_wy2009__2040_wy2009__2050_wy2009__medium_bio__current__GA__GA_flex0__Base__Run_Model_Planning
61,methane,industry,6.311666666666416,6.311666666666677,6.048680555555289,FR,(NG)NH3-MVR-DEA_FR,wy2009__2030_wy2009__2040_wy2009__2050_wy2009__medium_bio__current__GA__GA_flex0__Base__Run_Model_Planning
62,electricity,industry,0.5156956779159062,0.5156956779159275,0.49420835800274127,FR,(NG)NH3-MVR-DEA_FR,wy2009__2030_wy2009__2040_wy2009__2050_wy2009__medium_bio__current__GA__GA_flex0__Base__Run_Model_Planning
63,methane,industry,8.828280666282563e-15,1.3094382964670859e-14,0.16925968275491207,ES,(NG)NH3_ES,wy2009__2030_wy2009__2040_wy2009__2050_wy2009__medium_bio__current__GA__GA_flex0__Base__Run_Model_Planning
64,electricity,industry,6.45104513589117e-16,9.568392615150741e-16,0.012368227681170215,ES,(NG)NH3_ES,wy2009__2030_wy2009__2040_wy2009__2050_wy2009__medium_bio__current__GA__GA_flex0__Base__Run_Model_Planning
65,methane,industry,1.3272087442903276e-14,1.7980871077352508e-14,0.2857644356954626,FR,(NG)NH3_FR,wy2009__2030_wy2009__2040_wy2009__2050_wy2009__medium_bio__current__GA__GA_flex0__Base__Run_Model_Planning
66,electricity,industry,9.698245714894798e-16,1.3139071500712128e-15,0.02088152090524957,FR,(NG)NH3_FR,wy2009__2030_wy2009__2040_wy2009__2050_wy2009__medium_bio__current__GA__GA_flex0__Base__Run_Model_Planning
67,methane,industry,4.994762443438713,4.994762443438807,4.994762443438569,ES,(NG)PEA_ES,wy2009__2030_wy2009__2040_wy2009__2050_wy2009__medium_bio__current__GA__GA_flex0__Base__Run_Model_Planning
68,electricity,industry,0.7924210337400974,0.7924210337401124,0.7924210337400743,ES,(NG)PEA_ES,wy2009__2030_wy2009__2040_wy2009__2050_wy2009__medium_bio__current__GA__GA_flex0__Base__Run_Model_Planning
69,methane,industry,2.7785588235291065,2.7785588235294663,2.778558823529287,FR,(NG)PEA_FR,wy2009__2030_wy2009__2040_wy2009__2050_wy2009__medium_bio__current__GA__GA_flex0__Base__Run_Model_Planning
70,electricity,industry,0.4408194544148833,0.44081945441494036,0.440819454414912,FR,(NG)PEA_FR,wy2009__2030_wy2009__2040_wy2009__2050_wy2009__medium_bio__current__GA__GA_flex0__Base__Run_Model_Planning
71,methane,industry,0.39281447963819116,0.3928144796379391,0.3928144796369368,PT,(NG)PEA_PT,wy2009__2030_wy2009__2040_wy2009__2050_wy2009__medium_bio__current__GA__GA_flex0__Base__Run_Model_Planning
72,electricity,industry,0.06232017229005044,0.062320172290010425,0.06232017228985143,PT,(NG)PEA_PT,wy2009__2030_wy2009__2040_wy2009__2050_wy2009__medium_bio__current__GA__GA_flex0__Base__Run_Model_Planning
73,methane,industry,0.15772169925193757,0.1577216992517519,0.1577216992518937,ES,(NG)PE_ES,wy2009__2030_wy2009__2040_wy2009__2050_wy2009__medium_bio__current__GA__GA_flex0__Base__Run_Model_Planning
74,hydrogen,industry,0.0032345308475587972,0.003234530847554989,0.0032345308475578973,ES,(NG)PE_ES,wy2009__2030_wy2009__2040_wy2009__2050_wy2009__medium_bio__current__GA__GA_flex0__Base__Run_Model_Planning
75,electricity,industry,0.26732892404232,0.2673289240420052,0.2673289240422456,ES,(NG)PE_ES,wy2009__2030_wy2009__2040_wy2009__2050_wy2009__medium_bio__current__GA__GA_flex0__Base__Run_Model_Planning
76,methane,industry,0.19185195912784345,0.1918519591278438,0.1918519591277687,FR,(NG)PE_FR,wy2009__2030_wy2009__2040_wy2009__2050_wy2009__medium_bio__current__GA__GA_flex0__Base__Run_Model_Planning
77,hydrogen,industry,0.003934468642595327,0.003934468642595335,0.003934468642593793,FR,(NG)PE_FR,wy2009__2030_wy2009__2040_wy2009__2050_wy2009__medium_bio__current__GA__GA_flex0__Base__Run_Model_Planning
78,electricity,industry,0.32517768989499063,0.3251776898949913,0.325177689894864,FR,(NG)PE_FR,wy2009__2030_wy2009__2040_wy2009__2050_wy2009__medium_bio__current__GA__GA_flex0__Base__Run_Model_Planning
79,methane,industry,0.018974173304366567,0.01897417330436658,0.018974173304356832,PT,(NG)PE_PT,wy2009__2030_wy2009__2040_wy2009__2050_wy2009__medium_bio__current__GA__GA_flex0__Base__Run_Model_Planning
80,hydrogen,industry,0.0003891192470724433,0.0003891192470724436,0.00038911924707224363,PT,(NG)PE_PT,wy2009__2030_wy2009__2040_wy2009__2050_wy2009__medium_bio__current__GA__GA_flex0__Base__Run_Model_Planning
81,electricity,industry,0.03216009818627739,0.03216009818627741,0.03216009818626088,PT,(NG)PE_PT,wy2009__2030_wy2009__2040_wy2009__2050_wy2009__medium_bio__current__GA__GA_flex0__Base__Run_Model_Planning
82,methane,industry,4.527334207076481,4.52733420707722,4.527334207077067,ES,(NG)_gco_ES,wy2009__2030_wy2009__2040_wy2009__2050_wy2009__medium_bio__current__GA__GA_flex0__Base__Run_Model_Planning
83,hydrogen,industry,0.04210883292292654,0.0421088329229334,0.042108832922931994,ES,(NG)_gco_ES,wy2009__2030_wy2009__2040_wy2009__2050_wy2009__medium_bio__current__GA__GA_flex0__Base__Run_Model_Planning
84,electricity,industry,1.0250314540057432,1.0250314540059104,1.0250314540058763,ES,(NG)_gco_ES,wy2009__2030_wy2009__2040_wy2009__2050_wy2009__medium_bio__current__GA__GA_flex0__Base__Run_Model_Planning
85,methane,industry,2.6769252948903404,2.6769252948884112,2.676925294877423,PT,(NG)_gco_PT,wy2009__2030_wy2009__2040_wy2009__2050_wy2009__medium_bio__current__GA__GA_flex0__Base__Run_Model_Planning
86,hydrogen,industry,0.024898139795710674,0.024898139795692737,0.024898139795590538,PT,(NG)_gco_PT,wy2009__2030_wy2009__2040_wy2009__2050_wy2009__medium_bio__current__GA__GA_flex0__Base__Run_Model_Planning
87,electricity,industry,0.6060813056383767,0.60608130563794,0.6060813056354523,PT,(NG)_gco_PT,wy2009__2030_wy2009__2040_wy2009__2050_wy2009__medium_bio__current__GA__GA_flex0__Base__Run_Model_Planning
88,methane,industry,0.12545381526092364,0.12545381526097535,0.125453815260762,ES,(NG)_gfi_ES,wy2009__2030_wy2009__2040_wy2009__2050_wy2009__medium_bio__current__GA__GA_flex0__Base__Run_Model_Planning
89,hydrogen,industry,0.0007615866591893601,0.0007615866591896741,0.0007615866591883789,ES,(NG)_gfi_ES,wy2009__2030_wy2009__2040_wy2009__2050_wy2009__medium_bio__current__GA__GA_flex0__Base__Run_Model_Planning
90,electricity,industry,0.03738839018548172,0.03738839018549713,0.03738839018543356,ES,(NG)_gfi_ES,wy2009__2030_wy2009__2040_wy2009__2050_wy2009__medium_bio__current__GA__GA_flex0__Base__Run_Model_Planning
91,methane,industry,1.2585112781952736,1.2585112781954562,1.2585112781945815,ES,(NG)_gfl_ES,wy2009__2030_wy2009__2040_wy2009__2050_wy2009__medium_bio__current__GA__GA_flex0__Base__Run_Model_Planning
92,hydrogen,industry,0.01020198941901964,0.010201989419021118,0.010201989419014026,ES,(NG)_gfl_ES,wy2009__2030_wy2009__2040_wy2009__2050_wy2009__medium_bio__current__GA__GA_flex0__Base__Run_Model_Planning
93,electricity,industry,0.18528005313257845,0.18528005313260534,0.18528005313247656,ES,(NG)_gfl_ES,wy2009__2030_wy2009__2040_wy2009__2050_wy2009__medium_bio__current__GA__GA_flex0__Base__Run_Model_Planning
94,methane,electricity,1.5877690590180597e-13,6.075355803202427e-14,14.312852266722125,ES,CCGT+CC_ES,wy2009__2030_wy2009__2040_wy2009__2050_wy2009__medium_bio__current__GA__GA_flex0__Base__Run_Model_Planning
95,methane,electricity,1.5275300331646537e-14,2.0436875838676402e-14,23.466370785127246,FR,CCGT+CC_FR,wy2009__2030_wy2009__2040_wy2009__2050_wy2009__medium_bio__current__GA__GA_flex0__Base__Run_Model_Planning
96,methane,electricity,1.6221084583599366e-13,6.17720353119272e-14,2.687985945626575,PT,CCGT+CC_PT,wy2009__2030_wy2009__2040_wy2009__2050_wy2009__medium_bio__current__GA__GA_flex0__Base__Run_Model_Planning
97,methane,electricity,6.6167358005571515,3.49504574782211,8.210373379165123e-14,ES,CCGT-existing_ES,wy2009__2030_wy2009__2040_wy2009__2050_wy2009__medium_bio__current__GA__GA_flex0__Base__Run_Model_Planning
98,methane,electricity,5.863643949492457,4.368875293130357,6.330859392458665e-13,FR,CCGT-existing_FR,wy2009__2030_wy2009__2040_wy2009__2050_wy2009__medium_bio__current__GA__GA_flex0__Base__Run_Model_Planning
99,methane,electricity,1.5088534665622113,0.7770991737637493,7.64332238057071e-14,PT,CCGT-existing_PT,wy2009__2030_wy2009__2040_wy2009__2050_wy2009__medium_bio__current__GA__GA_flex0__Base__Run_Model_Planning
100,electricity,industry,5.977937320720813e-15,5.799804248499178e-15,3.8875278941191245,ES,CEM2-(Afm)MEA_ES,wy2009__2030_wy2009__2040_wy2009__2050_wy2009__medium_bio__current__GA__GA_flex0__Base__Run_Model_Planning
101,waste,industry,3.816289611484762e-14,3.702570220245089e-14,24.81781176470273,ES,CEM2-(Afm)MEA_ES,wy2009__2030_wy2009__2040_wy2009__2050_wy2009__medium_bio__current__GA__GA_flex0__Base__Run_Model_Planning
102,electricity,industry,4.519585385730921e-15,4.160412914421967e-15,1.076124308929035,PT,CEM2-(Afm)MEA_PT,wy2009__2030_wy2009__2040_wy2009__2050_wy2009__medium_bio__current__GA__GA_flex0__Base__Run_Model_Planning
103,waste,industry,2.8852839751259754e-14,2.655989806009061e-14,6.86993155079937,PT,CEM2-(Afm)MEA_PT,wy2009__2030_wy2009__2040_wy2009__2050_wy2009__medium_bio__current__GA__GA_flex0__Base__Run_Model_Planning
104,biomass,industry,20.319311733800113,20.319311733800138,5.559259588953629e-13,ES,CEM2-(BMW)Oxy-MEA_ES,wy2009__2030_wy2009__2040_wy2009__2050_wy2009__medium_bio__current__GA__GA_flex0__Base__Run_Model_Planning
105,electricity,industry,4.165258301920612,4.165258301920617,1.1395933316433398e-13,ES,CEM2-(BMW)Oxy-MEA_ES,wy2009__2030_wy2009__2040_wy2009__2050_wy2009__medium_bio__current__GA__GA_flex0__Base__Run_Model_Planning
106,biomass,industry,13.869834500875617,13.869834500875577,13.86983450087497,FR,CEM2-(BMW)Oxy-MEA_FR,wy2009__2030_wy2009__2040_wy2009__2050_wy2009__medium_bio__current__GA__GA_flex0__Base__Run_Model_Planning
107,electricity,industry,2.843179141985273,2.8431791419852646,2.8431791419851398,FR,CEM2-(BMW)Oxy-MEA_FR,wy2009__2030_wy2009__2040_wy2009__2050_wy2009__medium_bio__current__GA__GA_flex0__Base__Run_Model_Planning
108,biomass,industry,5.624681260945368,5.62468126094547,7.189101908513103e-13,PT,CEM2-(BMW)Oxy-MEA_PT,wy2009__2030_wy2009__2040_wy2009__2050_wy2009__medium_bio__current__GA__GA_flex0__Base__Run_Model_Planning
109,electricity,industry,1.1530041285226371,1.1530041285226578,1.4736949164462326e-13,PT,CEM2-(BMW)Oxy-MEA_PT,wy2009__2030_wy2009__2040_wy2009__2050_wy2009__medium_bio__current__GA__GA_flex0__Base__Run_Model_Planning
110,fossil-methane,methane,118.66076826977792,118.61777230310453,118.56079290720548,ES,CH4-import-DZ_ES,wy2009__2030_wy2009__2040_wy2009__2050_wy2009__medium_bio__current__GA__GA_flex0__Base__Run_Model_Planning
111,fossil-methane,methane,131.53494450360452,147.0830382660432,140.4454942308566,ES,CH4-import-MA_ES,wy2009__2030_wy2009__2040_wy2009__2050_wy2009__medium_bio__current__GA__GA_flex0__Base__Run_Model_Planning
112,methane,CO2,39.64304215139962,57.68432254326309,54.45248866968037,ES,DAC_ES,wy2009__2030_wy2009__2040_wy2009__2050_wy2009__medium_bio__current__GA__GA_flex0__Base__Run_Model_Planning
113,electricity,CO2,6.32130572594936,9.198089213175203,8.682755150456853,ES,DAC_ES,wy2009__2030_wy2009__2040_wy2009__2050_wy2009__medium_bio__current__GA__GA_flex0__Base__Run_Model_Planning
114,Non-EU-hydrogen,hydrogen,0.7756304554009092,0.8622234372479913,0.5244894591738782,FR,LH2-terminal_FR,wy2009__2030_wy2009__2040_wy2009__2050_wy2009__medium_bio__current__GA__GA_flex0__Base__Run_Model_Planning
115,fossil-methane,methane,32.66467677707413,24.0229611108024,18.88656542494685,ES,LNG-terminal_ES,wy2009__2030_wy2009__2040_wy2009__2050_wy2009__medium_bio__current__GA__GA_flex0__Base__Run_Model_Planning
116,fossil-methane,methane,105.19818650427379,31.41739412214025,42.557182349490155,FR,LNG-terminal_FR,wy2009__2030_wy2009__2040_wy2009__2050_wy2009__medium_bio__current__GA__GA_flex0__Base__Run_Model_Planning
117,fossil-methane,methane,10.641972448965697,10.74408842303112,8.204208072036717,PT,LNG-terminal_PT,wy2009__2030_wy2009__2040_wy2009__2050_wy2009__medium_bio__current__GA__GA_flex0__Base__Run_Model_Planning
118,electricity,hydrogen,55.93947677550714,87.04789106891022,112.9292290658356,ES,PEM_ES,wy2009__2030_wy2009__2040_wy2009__2050_wy2009__medium_bio__current__GA__GA_flex0__Base__Run_Model_Planning
119,electricity,hydrogen,124.42842882188258,202.4207477574545,215.3391604922243,FR,PEM_FR,wy2009__2030_wy2009__2040_wy2009__2050_wy2009__medium_bio__current__GA__GA_flex0__Base__Run_Model_Planning
120,electricity,hydrogen,8.107414411452572,12.201938129885399,36.24255198822597,PT,PEM_PT,wy2009__2030_wy2009__2040_wy2009__2050_wy2009__medium_bio__current__GA__GA_flex0__Base__Run_Model_Planning
121,methane,hydrocarbons,10.490418906045765,5.7824617922929535,3.052991115467191,ES,REF-SMR_ES,wy2009__2030_wy2009__2040_wy2009__2050_wy2009__medium_bio__current__GA__GA_flex0__Base__Run_Model_Planning
122,crude,hydrocarbons,281.06127028432303,154.92480055069885,81.79631040143114,ES,REF-SMR_ES,wy2009__2030_wy2009__2040_wy2009__2050_wy2009__medium_bio__current__GA__GA_flex0__Base__Run_Model_Planning
123,electricity,hydrocarbons,0.5989983782283275,0.33017606510971453,0.17432447105200108,ES,REF-SMR_ES,wy2009__2030_wy2009__2040_wy2009__2050_wy2009__medium_bio__current__GA__GA_flex0__Base__Run_Model_Planning
124,methane,hydrocarbons,1.8426902106738556,0.37883724778523453,6.70080988211375e-15,FR,REF-SMR_FR,wy2009__2030_wy2009__2040_wy2009__2050_wy2009__medium_bio__current__GA__GA_flex0__Base__Run_Model_Planning
125,crude,hydrocarbons,49.36970162878844,10.14987857464596,1.7952935476344443e-13,FR,REF-SMR_FR,wy2009__2030_wy2009__2040_wy2009__2050_wy2009__medium_bio__current__GA__GA_flex0__Base__Run_Model_Planning
126,electricity,hydrocarbons,0.10521681332808724,0.021631442849728323,3.8261334348519636e-16,FR,REF-SMR_FR,wy2009__2030_wy2009__2040_wy2009__2050_wy2009__medium_bio__current__GA__GA_flex0__Base__Run_Model_Planning
127,methane,hydrocarbons,1.7017694231926936,0.2098813319658887,0.01153323153278367,PT,REF-SMR_PT,wy2009__2030_wy2009__2040_wy2009__2050_wy2009__medium_bio__current__GA__GA_flex0__Base__Run_Model_Planning
128,crude,hydrocarbons,45.5941254679455,5.623179998779833,0.30900050170725246,PT,REF-SMR_PT,wy2009__2030_wy2009__2040_wy2009__2050_wy2009__medium_bio__current__GA__GA_flex0__Base__Run_Model_Planning
129,electricity,hydrocarbons,0.0971702973675828,0.01198413319753278,0.0006585425277810242,PT,REF-SMR_PT,wy2009__2030_wy2009__2040_wy2009__2050_wy2009__medium_bio__current__GA__GA_flex0__Base__Run_Model_Planning
130,hydro,electricity,9.623778190000676,9.623778190000676,9.623778190000676,ES,RoR_ES,wy2009__2030_wy2009__2040_wy2009__2050_wy2009__medium_bio__current__GA__GA_flex0__Base__Run_Model_Planning
131,hydro,electricity,37.3591731192642,37.3591731192642,37.3591731192642,FR,RoR_FR,wy2009__2030_wy2009__2040_wy2009__2050_wy2009__medium_bio__current__GA__GA_flex0__Base__Run_Model_Planning
132,hydro,electricity,6.093623171057298,6.093623171057298,6.093623171057298,PT,RoR_PT,wy2009__2030_wy2009__2040_wy2009__2050_wy2009__medium_bio__current__GA__GA_flex0__Base__Run_Model_Planning
133,coal,electricity,1.42053758240006,2.7693014486929295,0.0,ES,SCPC-existing_ES,wy2009__2030_wy2009__2040_wy2009__2050_wy2009__medium_bio__current__GA__GA_flex0__Base__Run_Model_Planning
134,coal,electricity,0.7730949798753644,1.4480794639168146,0.0,FR,SCPC-existing_FR,wy2009__2030_wy2009__2040_wy2009__2050_wy2009__medium_bio__current__GA__GA_flex0__Base__Run_Model_Planning
135,methane,hydrogen,28.261478525883703,27.656265210165085,55.98500012130596,ES,SMR+CC_ES,wy2009__2030_wy2009__2040_wy2009__2050_wy2009__medium_bio__current__GA__GA_flex0__Base__Run_Model_Planning
136,methane,hydrogen,5.807992406631827,8.923756292212099,4.829716943862041,FR,SMR+CC_FR,wy2009__2030_wy2009__2040_wy2009__2050_wy2009__medium_bio__current__GA__GA_flex0__Base__Run_Model_Planning
137,methane,hydrogen,17.24688311433353,17.814958226399302,15.668359644399661,PT,SMR+CC_PT,wy2009__2030_wy2009__2040_wy2009__2050_wy2009__medium_bio__current__GA__GA_flex0__Base__Run_Model_Planning
138,methane,hydrogen,5.20074034061004,2.29032831342775,9.83816788787261e-13,ES,SMR_ES,wy2009__2030_wy2009__2040_wy2009__2050_wy2009__medium_bio__current__GA__GA_flex0__Base__Run_Model_Planning
139,methane,hydrogen,0.9820761630312547,1.0334826319262096,8.757111218159729e-13,PT,SMR_PT,wy2009__2030_wy2009__2040_wy2009__2050_wy2009__medium_bio__current__GA__GA_flex0__Base__Run_Model_Planning
140,methane,industry,0.4929023623697028,0.4929023623697028,0.4929023623697028,ES,Scraps-EAF_ES,wy2009__2030_wy2009__2040_wy2009__2050_wy2009__medium_bio__current__GA__GA_flex0__Base__Run_Model_Planning
141,coal,industry,0.7710585873484099,0.7710585873484099,0.7710585873484099,ES,Scraps-EAF_ES,wy2009__2030_wy2009__2040_wy2009__2050_wy2009__medium_bio__current__GA__GA_flex0__Base__Run_Model_Planning
142,electricity,industry,3.9061847239518457,3.9061847239518457,3.9061847239518457,ES,Scraps-EAF_ES,wy2009__2030_wy2009__2040_wy2009__2050_wy2009__medium_bio__current__GA__GA_flex0__Base__Run_Model_Planning
143,methane,industry,0.25477973914409924,0.25477973914409924,0.25477973914409924,FR,Scraps-EAF_FR,wy2009__2030_wy2009__2040_wy2009__2050_wy2009__medium_bio__current__GA__GA_flex0__Base__Run_Model_Planning
144,coal,industry,0.3985578498852833,0.3985578498852833,0.3985578498852833,FR,Scraps-EAF_FR,wy2009__2030_wy2009__2040_wy2009__2050_wy2009__medium_bio__current__GA__GA_flex0__Base__Run_Model_Planning
145,electricity,industry,2.01909506019095,2.01909506019095,2.01909506019095,FR,Scraps-EAF_FR,wy2009__2030_wy2009__2040_wy2009__2050_wy2009__medium_bio__current__GA__GA_flex0__Base__Run_Model_Planning
146,methane,industry,0.08904719501335706,0.08904719501335706,0.08904719501335706,PT,Scraps-EAF_PT,wy2009__2030_wy2009__2040_wy2009__2050_wy2009__medium_bio__current__GA__GA_flex0__Base__Run_Model_Planning
147,coal,industry,0.13929859062602418,0.13929859062602418,0.13929859062602418,PT,Scraps-EAF_PT,wy2009__2030_wy2009__2040_wy2009__2050_wy2009__medium_bio__current__GA__GA_flex0__Base__Run_Model_Planning
148,electricity,industry,0.7056870070568699,0.7056870070568699,0.7056870070568699,PT,Scraps-EAF_PT,wy2009__2030_wy2009__2040_wy2009__2050_wy2009__medium_bio__current__GA__GA_flex0__Base__Run_Model_Planning
149,electricity,buildings,6.478443547771573,8.569041063488799,10.43749642137961,ES,air-heatpump-cool_ES,wy2009__2030_wy2009__2040_wy2009__2050_wy2009__medium_bio__current__GA__GA_flex0__Base__Run_Model_Planning
150,electricity,buildings,7.59185715647988,9.658544703405555,11.586830304686126,FR,air-heatpump-cool_FR,wy2009__2030_wy2009__2040_wy2009__2050_wy2009__medium_bio__current__GA__GA_flex0__Base__Run_Model_Planning
151,electricity,buildings,1.1202068698661718,1.4807607458269354,1.7714797305661318,PT,air-heatpump-cool_PT,wy2009__2030_wy2009__2040_wy2009__2050_wy2009__medium_bio__current__GA__GA_flex0__Base__Run_Model_Planning
152,electricity,buildings,0.4942921116014434,0.332420312826402,0.0,ES,air-heatpump-existing_ES,wy2009__2030_wy2009__2040_wy2009__2050_wy2009__medium_bio__current__GA__GA_flex0__Base__Run_Model_Planning
153,electricity,buildings,10.724435479748603,6.672638611400851,0.0,FR,air-heatpump-existing_FR,wy2009__2030_wy2009__2040_wy2009__2050_wy2009__medium_bio__current__GA__GA_flex0__Base__Run_Model_Planning
154,electricity,buildings,0.136246161733157,0.08517835837945946,0.0,PT,air-heatpump-existing_PT,wy2009__2030_wy2009__2040_wy2009__2050_wy2009__medium_bio__current__GA__GA_flex0__Base__Run_Model_Planning
155,electricity,buildings,25.58866537421234,25.514340586715846,25.656259933703566,ES,air-heatpump_ES,wy2009__2030_wy2009__2040_wy2009__2050_wy2009__medium_bio__current__GA__GA_flex0__Base__Run_Model_Planning
156,electricity,buildings,102.14707427406016,98.62769601679659,103.5560445555743,FR,air-heatpump_FR,wy2009__2030_wy2009__2040_wy2009__2050_wy2009__medium_bio__current__GA__GA_flex0__Base__Run_Model_Planning
157,electricity,buildings,2.449260780542695,2.373972846837104,2.357727029498718,PT,air-heatpump_PT,wy2009__2030_wy2009__2040_wy2009__2050_wy2009__medium_bio__current__GA__GA_flex0__Base__Run_Model_Planning
158,biomass,buildings,16.138675884595006,102.7810225965524,0.0,FR,bio-boiler-existing_FR,wy2009__2030_wy2009__2040_wy2009__2050_wy2009__medium_bio__current__GA__GA_flex0__Base__Run_Model_Planning
159,biomass,buildings,0.11264823145766868,1.2047869066188619e-14,0.0,PT,bio-boiler-existing_PT,wy2009__2030_wy2009__2040_wy2009__2050_wy2009__medium_bio__current__GA__GA_flex0__Base__Run_Model_Planning
160,biomass,buildings,1.860479081119288e-14,5.10785196722522e-14,125.40405974686063,FR,bio-boiler_FR,wy2009__2030_wy2009__2040_wy2009__2050_wy2009__medium_bio__current__GA__GA_flex0__Base__Run_Model_Planning
161,coal,buildings,0.7362126975419051,0.4950873745659417,0.0,ES,coal-boiler-existing_ES,wy2009__2030_wy2009__2040_wy2009__2050_wy2009__medium_bio__current__GA__GA_flex0__Base__Run_Model_Planning
162,coal,buildings,0.4332488656415149,0.3050253043071213,0.0,FR,coal-boiler-existing_FR,wy2009__2030_wy2009__2040_wy2009__2050_wy2009__medium_bio__current__GA__GA_flex0__Base__Run_Model_Planning
163,electricity,buildings,5.763442425065179,5.368472177115308,2.279621844394824,ES,electric-heating-existing_ES,wy2009__2030_wy2009__2040_wy2009__2050_wy2009__medium_bio__current__GA__GA_flex0__Base__Run_Model_Planning
164,electricity,buildings,26.418458311534913,21.19638887908277,7.2689942342403455,FR,electric-heating-existing_FR,wy2009__2030_wy2009__2040_wy2009__2050_wy2009__medium_bio__current__GA__GA_flex0__Base__Run_Model_Planning
165,electricity,buildings,1.1051895818972313,0.9237136122528271,0.37098367717083813,PT,electric-heating-existing_PT,wy2009__2030_wy2009__2040_wy2009__2050_wy2009__medium_bio__current__GA__GA_flex0__Base__Run_Model_Planning
166,methane,buildings,5.980752749248464,2.0757939952845743,0.0,ES,gas-boiler-existing_ES,wy2009__2030_wy2009__2040_wy2009__2050_wy2009__medium_bio__current__GA__GA_flex0__Base__Run_Model_Planning
167,methane,buildings,129.38683612379526,16.55946224749054,0.0,FR,gas-boiler-existing_FR,wy2009__2030_wy2009__2040_wy2009__2050_wy2009__medium_bio__current__GA__GA_flex0__Base__Run_Model_Planning
168,methane,buildings,0.4829588150421307,0.2600562706415526,0.0,PT,gas-boiler-existing_PT,wy2009__2030_wy2009__2040_wy2009__2050_wy2009__medium_bio__current__GA__GA_flex0__Base__Run_Model_Planning
169,methane,buildings,52.69662741791678,47.38866107433127,39.87063578790314,ES,gas-boiler_ES,wy2009__2030_wy2009__2040_wy2009__2050_wy2009__medium_bio__current__GA__GA_flex0__Base__Run_Model_Planning
170,methane,buildings,16.26802710761251,44.62810626123273,21.584303734577407,FR,gas-boiler_FR,wy2009__2030_wy2009__2040_wy2009__2050_wy2009__medium_bio__current__GA__GA_flex0__Base__Run_Model_Planning
171,methane,buildings,6.068455760490608,4.828795230942097,4.194681362739055,PT,gas-boiler_PT,wy2009__2030_wy2009__2040_wy2009__2050_wy2009__medium_bio__current__GA__GA_flex0__Base__Run_Model_Planning
172,fossil-methane,methane,0.8390843797167656,0.8469716699814431,0.8476448952445258,ES,gas-extraction_ES,wy2009__2030_wy2009__2040_wy2009__2050_wy2009__medium_bio__current__GA__GA_flex0__Base__Run_Model_Planning
173,electricity,buildings,0.18413766006153817,0.13100768030375437,0.0,ES,ground-heatpump-existing_ES,wy2009__2030_wy2009__2040_wy2009__2050_wy2009__medium_bio__current__GA__GA_flex0__Base__Run_Model_Planning
174,electricity,buildings,3.542178916395439,2.5284242003193986,0.0,FR,ground-heatpump-existing_FR,wy2009__2030_wy2009__2040_wy2009__2050_wy2009__medium_bio__current__GA__GA_flex0__Base__Run_Model_Planning
175,electricity,buildings,0.05132979585262773,0.035462887729649714,0.0,PT,ground-heatpump-existing_PT,wy2009__2030_wy2009__2040_wy2009__2050_wy2009__medium_bio__current__GA__GA_flex0__Base__Run_Model_Planning
176,electricity,buildings,7.113662310310443,6.925593971264156,6.777698539796708,ES,ground-heatpump_ES,wy2009__2030_wy2009__2040_wy2009__2050_wy2009__medium_bio__current__GA__GA_flex0__Base__Run_Model_Planning
177,electricity,buildings,20.139295929239044,20.157331753256507,20.66343649563317,FR,ground-heatpump_FR,wy2009__2030_wy2009__2040_wy2009__2050_wy2009__medium_bio__current__GA__GA_flex0__Base__Run_Model_Planning
178,electricity,buildings,0.7108449204226837,0.6820797600230729,0.6743089236481279,PT,ground-heatpump_PT,wy2009__2030_wy2009__2040_wy2009__2050_wy2009__medium_bio__current__GA__GA_flex0__Base__Run_Model_Planning
179,hydro,electricity,28.223593482229994,28.300896416107506,27.476548696323864,ES,hydro-turbine_ES,wy2009__2030_wy2009__2040_wy2009__2050_wy2009__medium_bio__current__GA__GA_flex0__Base__Run_Model_Planning
180,hydro,electricity,17.48723508425734,17.171911483702385,16.353672003423206,FR,hydro-turbine_FR,wy2009__2030_wy2009__2040_wy2009__2050_wy2009__medium_bio__current__GA__GA_flex0__Base__Run_Model_Planning
181,hydro,electricity,4.3330652129255816,4.34142675309754,4.217717912593753,PT,hydro-turbine_PT,wy2009__2030_wy2009__2040_wy2009__2050_wy2009__medium_bio__current__GA__GA_flex0__Base__Run_Model_Planning
182,uranium,electricity,119.28395387270412,111.60674967730796,73.1038507866951,ES,nuclear-3-existing_ES,wy2009__2030_wy2009__2040_wy2009__2050_wy2009__medium_bio__current__GA__GA_flex0__Base__Run_Model_Planning
183,uranium,electricity,783.544161831543,521.6965618654156,390.15822485756877,FR,nuclear-3-existing_FR,wy2009__2030_wy2009__2040_wy2009__2050_wy2009__medium_bio__current__GA__GA_flex0__Base__Run_Model_Planning
184,uranium,electricity,204.81255177561258,206.07401367963965,198.3713322669249,ES,nuclear-3_ES,wy2009__2030_wy2009__2040_wy2009__2050_wy2009__medium_bio__current__GA__GA_flex0__Base__Run_Model_Planning
185,uranium,electricity,45.45443259143242,46.76885428816031,41.72525980236083,PT,nuclear-3_PT,wy2009__2030_wy2009__2040_wy2009__2050_wy2009__medium_bio__current__GA__GA_flex0__Base__Run_Model_Planning
186,hydrocarbons,buildings,0.13017201390040906,2.962588833535081e-15,0.0,ES,oil-boiler-existing_ES,wy2009__2030_wy2009__2040_wy2009__2050_wy2009__medium_bio__current__GA__GA_flex0__Base__Run_Model_Planning
187,solar,electricity,86.39691629018397,79.011025990435,0.0,ES,solar-PV-existing_ES,wy2009__2030_wy2009__2040_wy2009__2050_wy2009__medium_bio__current__GA__GA_flex0__Base__Run_Model_Planning
188,solar,electricity,40.68545787134674,35.03258793757719,0.0,FR,solar-PV-existing_FR,wy2009__2030_wy2009__2040_wy2009__2050_wy2009__medium_bio__current__GA__GA_flex0__Base__Run_Model_Planning
189,solar,electricity,11.31794719941051,9.69137488881972,0.0,PT,solar-PV-existing_PT,wy2009__2030_wy2009__2040_wy2009__2050_wy2009__medium_bio__current__GA__GA_flex0__Base__Run_Model_Planning
190,solar,electricity,54.49729233827874,137.7985973888517,290.1129762490563,ES,solar-PV-no-tracking_ES,wy2009__2030_wy2009__2040_wy2009__2050_wy2009__medium_bio__current__GA__GA_flex0__Base__Run_Model_Planning
191,solar,electricity,92.21254060285851,149.08512856840588,168.32123116598987,FR,solar-PV-no-tracking_FR,wy2009__2030_wy2009__2040_wy2009__2050_wy2009__medium_bio__current__GA__GA_flex0__Base__Run_Model_Planning
192,solar,electricity,22.55285454679904,34.504500022475774,82.68201463443225,PT,solar-PV-no-tracking_PT,wy2009__2030_wy2009__2040_wy2009__2050_wy2009__medium_bio__current__GA__GA_flex0__Base__Run_Model_Planning
193,wind,electricity,6.078526197447465,4.467449765988821,0.0,FR,wind-off-existing_ATFR,wy2009__2030_wy2009__2040_wy2009__2050_wy2009__medium_bio__current__GA__GA_flex0__Base__Run_Model_Planning
194,wind,electricity,136.65693557762032,141.16845326292867,158.31953961134735,ES,wind-on-SP199-HH100_ES,wy2009__2030_wy2009__2040_wy2009__2050_wy2009__medium_bio__current__GA__GA_flex0__Base__Run_Model_Planning
195,wind,electricity,281.9893530970612,471.0939740870968,559.55798438323,FR,wind-on-SP199-HH100_FR,wy2009__2030_wy2009__2040_wy2009__2050_wy2009__medium_bio__current__GA__GA_flex0__Base__Run_Model_Planning
196,wind,electricity,44.22513571096794,29.996423876437223,0.0,ES,wind-on-existing_ES,wy2009__2030_wy2009__2040_wy2009__2050_wy2009__medium_bio__current__GA__GA_flex0__Base__Run_Model_Planning
197,wind,electricity,60.28822049243315,32.03879372761859,0.0,FR,wind-on-existing_FR,wy2009__2030_wy2009__2040_wy2009__2050_wy2009__medium_bio__current__GA__GA_flex0__Base__Run_Model_Planning
198,wind,electricity,7.735700489473533,4.461883893601762,0.0,PT,wind-on-existing_PT,wy2009__2030_wy2009__2040_wy2009__2050_wy2009__medium_bio__current__GA__GA_flex0__Base__Run_Model_Planning
199,methane,transport,3.9593920746480262,4.819145782285883,2.058883878816973,ES,CH4_bus-CNG_ES,wy2009__2030_wy2009__2040_wy2009__2050_wy2009__medium_bio__current__GA__GA_flex0__Base__Run_Model_Planning
200,methane,transport,4.8001714253354795,6.682591592133706,10.00035713611558,FR,CH4_bus-CNG_FR,wy2009__2030_wy2009__2040_wy2009__2050_wy2009__medium_bio__current__GA__GA_flex0__Base__Run_Model_Planning
201,methane,transport,0.34209256595097115,0.32308742339813934,0.32308742339813934,PT,CH4_bus-CNG_PT,wy2009__2030_wy2009__2040_wy2009__2050_wy2009__medium_bio__current__GA__GA_flex0__Base__Run_Model_Planning
202,methane,transport,0.2281080483056829,0.0,2.06071950054266,ES,CH4_car-CNG_ES,wy2009__2030_wy2009__2040_wy2009__2050_wy2009__medium_bio__current__GA__GA_flex0__Base__Run_Model_Planning
203,methane,transport,0.014206007718146233,0.0,0.0,FR,CH4_car-CNG_FR,wy2009__2030_wy2009__2040_wy2009__2050_wy2009__medium_bio__current__GA__GA_flex0__Base__Run_Model_Planning
204,methane,transport,0.810627438963654,1.6205536431185161,2.025867362600343,PT,CH4_car-CNG_PT,wy2009__2030_wy2009__2040_wy2009__2050_wy2009__medium_bio__current__GA__GA_flex0__Base__Run_Model_Planning
205,methane,transport,2.9686150799999993,5.937230159999999,7.5846778079999995,FR,CH4_truck-CNG_FR,wy2009__2030_wy2009__2040_wy2009__2050_wy2009__medium_bio__current__GA__GA_flex0__Base__Run_Model_Planning
206,methane,transport,0.20306030399999997,0.40612060799999994,0.293789376,PT,CH4_truck-CNG_PT,wy2009__2030_wy2009__2040_wy2009__2050_wy2009__medium_bio__current__GA__GA_flex0__Base__Run_Model_Planning
207,methane,transport,3.9020981999999997,7.8041963999999995,0.0,ES,CH4_truck-LNG_ES,wy2009__2030_wy2009__2040_wy2009__2050_wy2009__medium_bio__current__GA__GA_flex0__Base__Run_Model_Planning
208,methane,transport,1.225930464,2.451860928,4.199946959999999,FR,CH4_truck-LNG_FR,wy2009__2030_wy2009__2040_wy2009__2050_wy2009__medium_bio__current__GA__GA_flex0__Base__Run_Model_Planning
209,methane,transport,6.828675791999998,13.649348448,8.189208911999998,ES,CH4_van-CNG_ES,wy2009__2030_wy2009__2040_wy2009__2050_wy2009__medium_bio__current__GA__GA_flex0__Base__Run_Model_Planning
210,methane,transport,1.6578159839999997,3.267760319999999,5.227375823999999,FR,CH4_van-CNG_FR,wy2009__2030_wy2009__2040_wy2009__2050_wy2009__medium_bio__current__GA__GA_flex0__Base__Run_Model_Planning
211,methane,transport,0.24219648,0.4835519999999999,0.4835519999999999,PT,CH4_van-CNG_PT,wy2009__2030_wy2009__2040_wy2009__2050_wy2009__medium_bio__current__GA__GA_flex0__Base__Run_Model_Planning
212,hydrogen,transport,0.0,0.0,1.1563327947974633,ES,H2_bus-H2_ES,wy2009__2030_wy2009__2040_wy2009__2050_wy2009__medium_bio__current__GA__GA_flex0__Base__Run_Model_Planning
213,hydrogen,transport,0.0,0.0,0.7491643888396751,FR,H2_bus-H2_FR,wy2009__2030_wy2009__2040_wy2009__2050_wy2009__medium_bio__current__GA__GA_flex0__Base__Run_Model_Planning
214,hydrogen,transport,0.08758072200048143,0.17516144400096287,0.3423610041837001,PT,H2_bus-H2_PT,wy2009__2030_wy2009__2040_wy2009__2050_wy2009__medium_bio__current__GA__GA_flex0__Base__Run_Model_Planning
215,hydrogen,transport,0.0,0.0,3.9365185178937954,ES,H2_car-H2_ES,wy2009__2030_wy2009__2040_wy2009__2050_wy2009__medium_bio__current__GA__GA_flex0__Base__Run_Model_Planning
216,hydrogen,transport,1.7007492501925896,3.401498500385179,6.802997000770358,FR,H2_car-H2_FR,wy2009__2030_wy2009__2040_wy2009__2050_wy2009__medium_bio__current__GA__GA_flex0__Base__Run_Model_Planning
217,hydrogen,transport,0.5946406894907814,1.1889874389472121,1.6986794585107392,PT,H2_car-H2_PT,wy2009__2030_wy2009__2040_wy2009__2050_wy2009__medium_bio__current__GA__GA_flex0__Base__Run_Model_Planning
218,hydrogen,transport,0.9248536439999998,1.8497072879999996,1.8497072879999996,ES,H2_truck-H2_ES,wy2009__2030_wy2009__2040_wy2009__2050_wy2009__medium_bio__current__GA__GA_flex0__Base__Run_Model_Planning
219,hydrogen,transport,0.690438672,1.380877344,2.0735577,FR,H2_truck-H2_FR,wy2009__2030_wy2009__2040_wy2009__2050_wy2009__medium_bio__current__GA__GA_flex0__Base__Run_Model_Planning
220,hydrogen,transport,0.24444342,0.48888684,1.3435334639999998,PT,H2_truck-H2_PT,wy2009__2030_wy2009__2040_wy2009__2050_wy2009__medium_bio__current__GA__GA_flex0__Base__Run_Model_Planning
221,hydrogen,transport,0.0,0.0,3.1080068279999997,ES,H2_van-H2_ES,wy2009__2030_wy2009__2040_wy2009__2050_wy2009__medium_bio__current__GA__GA_flex0__Base__Run_Model_Planning
222,hydrogen,transport,0.13698187199999998,0.27396374399999995,0.8218912319999998,FR,H2_van-H2_FR,wy2009__2030_wy2009__2040_wy2009__2050_wy2009__medium_bio__current__GA__GA_flex0__Base__Run_Model_Planning
223,hydrogen,transport,0.20248739999999996,0.4049747999999999,0.8099495999999998,PT,H2_van-H2_PT,wy2009__2030_wy2009__2040_wy2009__2050_wy2009__medium_bio__current__GA__GA_flex0__Base__Run_Model_Planning
224,hydrocarbons,transport,32.65157247844645,47.30767095141126,60.92996149766517,ES,HC_aviation_ES,wy2009__2030_wy2009__2040_wy2009__2050_wy2009__medium_bio__current__GA__GA_flex0__Base__Run_Model_Planning
225,hydrocarbons,transport,18.805344882016634,34.09866502771905,42.304322868075545,FR,HC_aviation_FR,wy2009__2030_wy2009__2040_wy2009__2050_wy2009__medium_bio__current__GA__GA_flex0__Base__Run_Model_Planning
226,hydrocarbons,transport,2.8022446762581787,3.0900927443049877,4.0948773160885485,PT,HC_aviation_PT,wy2009__2030_wy2009__2040_wy2009__2050_wy2009__medium_bio__current__GA__GA_flex0__Base__Run_Model_Planning
227,hydrocarbons,transport,8.567548779798214,6.327515810417008,0.0,ES,HC_bus-diesel_ES,wy2009__2030_wy2009__2040_wy2009__2050_wy2009__medium_bio__current__GA__GA_flex0__Base__Run_Model_Planning
228,hydrocarbons,transport,12.296428009932642,4.995423879035136,0.0,FR,HC_bus-diesel_FR,wy2009__2030_wy2009__2040_wy2009__2050_wy2009__medium_bio__current__GA__GA_flex0__Base__Run_Model_Planning
229,hydrocarbons,transport,2.288991624408546,1.5906551966228877,0.17458410694641452,PT,HC_bus-diesel_PT,wy2009__2030_wy2009__2040_wy2009__2050_wy2009__medium_bio__current__GA__GA_flex0__Base__Run_Model_Planning
230,hydrocarbons,transport,0.020861240720922724,0.0,0.0,ES,HC_bus-gasoline_ES,wy2009__2030_wy2009__2040_wy2009__2050_wy2009__medium_bio__current__GA__GA_flex0__Base__Run_Model_Planning
231,hydrocarbons,transport,0.5572156494410505,0.0,0.0,ES,HC_car-LPG_ES,wy2009__2030_wy2009__2040_wy2009__2050_wy2009__medium_bio__current__GA__GA_flex0__Base__Run_Model_Planning
232,hydrocarbons,transport,12.209565220193152,23.81874868930474,0.0,FR,HC_car-LPG_FR,wy2009__2030_wy2009__2040_wy2009__2050_wy2009__medium_bio__current__GA__GA_flex0__Base__Run_Model_Planning
233,hydrocarbons,transport,0.20575808988018135,0.0,0.0,PT,HC_car-LPG_PT,wy2009__2030_wy2009__2040_wy2009__2050_wy2009__medium_bio__current__GA__GA_flex0__Base__Run_Model_Planning
234,hydrocarbons,transport,102.89059983542606,23.37723774837536,0.0,ES,HC_car-diesel_ES,wy2009__2030_wy2009__2040_wy2009__2050_wy2009__medium_bio__current__GA__GA_flex0__Base__Run_Model_Planning
235,hydrocarbons,transport,134.4650066725922,18.234061711442838,0.0,FR,HC_car-diesel_FR,wy2009__2030_wy2009__2040_wy2009__2050_wy2009__medium_bio__current__GA__GA_flex0__Base__Run_Model_Planning
236,hydrocarbons,transport,15.651960587288281,0.0,0.0,PT,HC_car-diesel_PT,wy2009__2030_wy2009__2040_wy2009__2050_wy2009__medium_bio__current__GA__GA_flex0__Base__Run_Model_Planning
237,hydrocarbons,transport,43.567319444666175,42.26238077387488,0.0,ES,HC_car-gasoline_ES,wy2009__2030_wy2009__2040_wy2009__2050_wy2009__medium_bio__current__GA__GA_flex0__Base__Run_Model_Planning
238,hydrocarbons,transport,58.457710216152236,45.03326590780422,0.0,FR,HC_car-gasoline_FR,wy2009__2030_wy2009__2040_wy2009__2050_wy2009__medium_bio__current__GA__GA_flex0__Base__Run_Model_Planning
239,hydrocarbons,transport,11.284002527739666,13.833902410871662,1.2461576186024426,PT,HC_car-gasoline_PT,wy2009__2030_wy2009__2040_wy2009__2050_wy2009__medium_bio__current__GA__GA_flex0__Base__Run_Model_Planning
240,hydrocarbons,transport,73.0890574963648,86.7250645596734,127.08760570904643,ES,HC_int-aviation_ES,wy2009__2030_wy2009__2040_wy2009__2050_wy2009__medium_bio__current__GA__GA_flex0__Base__Run_Model_Planning
241,hydrocarbons,transport,79.71562615955982,129.7067647011395,145.92008544001914,FR,HC_int-aviation_FR,wy2009__2030_wy2009__2040_wy2009__2050_wy2009__medium_bio__current__GA__GA_flex0__Base__Run_Model_Planning
242,hydrocarbons,transport,21.666431428538523,23.38099606037812,36.78610841993232,PT,HC_int-aviation_PT,wy2009__2030_wy2009__2040_wy2009__2050_wy2009__medium_bio__current__GA__GA_flex0__Base__Run_Model_Planning
243,hydrocarbons,transport,92.00771273665953,135.90742557028042,191.93701225757138,ES,HC_int-maritime_ES,wy2009__2030_wy2009__2040_wy2009__2050_wy2009__medium_bio__current__GA__GA_flex0__Base__Run_Model_Planning
244,hydrocarbons,transport,26.641054342100247,35.24409359683902,50.866709546905774,FR,HC_int-maritime_FR,wy2009__2030_wy2009__2040_wy2009__2050_wy2009__medium_bio__current__GA__GA_flex0__Base__Run_Model_Planning
245,hydrocarbons,transport,10.99816180160479,14.557498582252657,21.262191755628866,PT,HC_int-maritime_PT,wy2009__2030_wy2009__2040_wy2009__2050_wy2009__medium_bio__current__GA__GA_flex0__Base__Run_Model_Planning
246,hydrocarbons,transport,14.445977334894742,18.013365114683424,27.290899186330233,ES,HC_maritime_ES,wy2009__2030_wy2009__2040_wy2009__2050_wy2009__medium_bio__current__GA__GA_flex0__Base__Run_Model_Planning
247,hydrocarbons,transport,6.030297751519304,8.775390273382827,13.214770836657234,FR,HC_maritime_FR,wy2009__2030_wy2009__2040_wy2009__2050_wy2009__medium_bio__current__GA__GA_flex0__Base__Run_Model_Planning
248,hydrocarbons,transport,1.4716431268995354,2.104093837183322,2.607629166162995,PT,HC_maritime_PT,wy2009__2030_wy2009__2040_wy2009__2050_wy2009__medium_bio__current__GA__GA_flex0__Base__Run_Model_Planning
249,hydrocarbons,transport,1.3352731167613372,1.4001780851434384,1.965835321073822,ES,HC_thermal-rail_ES,wy2009__2030_wy2009__2040_wy2009__2050_wy2009__medium_bio__current__GA__GA_flex0__Base__Run_Model_Planning
250,hydrocarbons,transport,1.729970864763367,2.534971383793445,3.4782304189330233,FR,HC_thermal-rail_FR,wy2009__2030_wy2009__2040_wy2009__2050_wy2009__medium_bio__current__GA__GA_flex0__Base__Run_Model_Planning
251,hydrocarbons,transport,0.15933026694718055,0.2121090390925036,0.27154727966294273,PT,HC_thermal-rail_PT,wy2009__2030_wy2009__2040_wy2009__2050_wy2009__medium_bio__current__GA__GA_flex0__Base__Run_Model_Planning
252,hydrocarbons,transport,17.805272903999995,6.006851136,0.0,ES,HC_truck-diesel_ES,wy2009__2030_wy2009__2040_wy2009__2050_wy2009__medium_bio__current__GA__GA_flex0__Base__Run_Model_Planning
253,hydrocarbons,transport,22.2535098,11.784803471999998,1.0102820399999999,FR,HC_truck-diesel_FR,wy2009__2030_wy2009__2040_wy2009__2050_wy2009__medium_bio__current__GA__GA_flex0__Base__Run_Model_Planning
254,hydrocarbons,transport,4.529747819999999,3.158032559999999,0.0,PT,HC_truck-diesel_PT,wy2009__2030_wy2009__2040_wy2009__2050_wy2009__medium_bio__current__GA__GA_flex0__Base__Run_Model_Planning
255,hydrocarbons,transport,0.18974159999999998,0.0,0.0,ES,HC_truck-gasoline_ES,wy2009__2030_wy2009__2040_wy2009__2050_wy2009__medium_bio__current__GA__GA_flex0__Base__Run_Model_Planning
256,hydrocarbons,transport,0.4242923519999998,0.0,0.0,FR,HC_truck-gasoline_FR,wy2009__2030_wy2009__2040_wy2009__2050_wy2009__medium_bio__current__GA__GA_flex0__Base__Run_Model_Planning
257,hydrocarbons,transport,0.023909543999999998,0.0,0.0,PT,HC_truck-gasoline_PT,wy2009__2030_wy2009__2040_wy2009__2050_wy2009__medium_bio__current__GA__GA_flex0__Base__Run_Model_Planning
258,hydrocarbons,transport,0.011871552,0.0,0.0,ES,HC_van-LPG_ES,wy2009__2030_wy2009__2040_wy2009__2050_wy2009__medium_bio__current__GA__GA_flex0__Base__Run_Model_Planning
259,hydrocarbons,transport,0.04151977199999999,0.0,0.0,FR,HC_van-LPG_FR,wy2009__2030_wy2009__2040_wy2009__2050_wy2009__medium_bio__current__GA__GA_flex0__Base__Run_Model_Planning
260,hydrocarbons,transport,0.0045333,0.0,0.0,PT,HC_van-LPG_PT,wy2009__2030_wy2009__2040_wy2009__2050_wy2009__medium_bio__current__GA__GA_flex0__Base__Run_Model_Planning
261,hydrocarbons,transport,24.834708623999994,9.953698919999995,0.0,ES,HC_van-diesel_ES,wy2009__2030_wy2009__2040_wy2009__2050_wy2009__medium_bio__current__GA__GA_flex0__Base__Run_Model_Planning
262,hydrocarbons,transport,46.236391643999994,26.021717532,2.001915792,FR,HC_van-diesel_FR,wy2009__2030_wy2009__2040_wy2009__2050_wy2009__medium_bio__current__GA__GA_flex0__Base__Run_Model_Planning
263,hydrocarbons,transport,7.085035439999999,4.311286559999999,0.32879783999999995,PT,HC_van-diesel_PT,wy2009__2030_wy2009__2040_wy2009__2050_wy2009__medium_bio__current__GA__GA_flex0__Base__Run_Model_Planning
264,hydrocarbons,transport,0.0027699119999999994,0.0,0.0,ES,HC_van-gasoline_ES,wy2009__2030_wy2009__2040_wy2009__2050_wy2009__medium_bio__current__GA__GA_flex0__Base__Run_Model_Planning
265,hydrocarbons,transport,0.003840384,0.0,0.0,FR,HC_van-gasoline_FR,wy2009__2030_wy2009__2040_wy2009__2050_wy2009__medium_bio__current__GA__GA_flex0__Base__Run_Model_Planning
266,electricity,transport,0.3624023053599651,0.701794940538345,2.277957347976923,ES,elec_bus_ES,wy2009__2030_wy2009__2040_wy2009__2050_wy2009__medium_bio__current__GA__GA_flex0__Base__Run_Model_Planning
267,electricity,transport,1.3699993056933424,2.7160684925099448,2.6562431953180954,FR,elec_bus_FR,wy2009__2030_wy2009__2040_wy2009__2050_wy2009__medium_bio__current__GA__GA_flex0__Base__Run_Model_Planning
268,electricity,transport,0.12563303068488132,0.25126606136976265,0.5025321227395253,PT,elec_bus_PT,wy2009__2030_wy2009__2040_wy2009__2050_wy2009__medium_bio__current__GA__GA_flex0__Base__Run_Model_Planning
269,electricity,transport,21.37485325160003,42.695144896624626,57.94350918132534,ES,elec_car_ES,wy2009__2030_wy2009__2040_wy2009__2050_wy2009__medium_bio__current__GA__GA_flex0__Base__Run_Model_Planning
270,electricity,transport,30.456128165735223,60.74313979397049,82.24923755351605,FR,elec_car_FR,wy2009__2030_wy2009__2040_wy2009__2050_wy2009__medium_bio__current__GA__GA_flex0__Base__Run_Model_Planning
271,electricity,transport,2.8222474550987644,5.640552961640358,8.85849696714472,PT,elec_car_PT,wy2009__2030_wy2009__2040_wy2009__2050_wy2009__medium_bio__current__GA__GA_flex0__Base__Run_Model_Planning
272,electricity,transport,4.046471926192556,5.7653105452303555,8.12872607078872,ES,elec_rail_ES,wy2009__2030_wy2009__2040_wy2009__2050_wy2009__medium_bio__current__GA__GA_flex0__Base__Run_Model_Planning
273,electricity,transport,9.829375395471352,16.777685839145466,18.811407980135023,FR,elec_rail_FR,wy2009__2030_wy2009__2040_wy2009__2050_wy2009__medium_bio__current__GA__GA_flex0__Base__Run_Model_Planning
274,electricity,transport,0.6971568885636458,0.8950524353458269,1.003393041067865,PT,elec_rail_PT,wy2009__2030_wy2009__2040_wy2009__2050_wy2009__medium_bio__current__GA__GA_flex0__Base__Run_Model_Planning
275,electricity,transport,1.5107738359999998,3.0215476719999996,6.4194681965,ES,elec_truck_ES,wy2009__2030_wy2009__2040_wy2009__2050_wy2009__medium_bio__current__GA__GA_flex0__Base__Run_Model_Planning
276,electricity,transport,1.2703815875,2.5393897895,3.9786977935,FR,elec_truck_FR,wy2009__2030_wy2009__2040_wy2009__2050_wy2009__medium_bio__current__GA__GA_flex0__Base__Run_Model_Planning
277,electricity,transport,0.14975336637566822,0.29950673275133644,0.5990134655026729,PT,elec_truck_PT,wy2009__2030_wy2009__2040_wy2009__2050_wy2009__medium_bio__current__GA__GA_flex0__Base__Run_Model_Planning
278,electricity,transport,2.1126352968156263,4.208805696083566,6.313073585948728,ES,elec_van_ES,wy2009__2030_wy2009__2040_wy2009__2050_wy2009__medium_bio__current__GA__GA_flex0__Base__Run_Model_Planning
279,electricity,transport,4.866396641133302,9.697692325535982,15.163894115282137,FR,elec_van_FR,wy2009__2030_wy2009__2040_wy2009__2050_wy2009__medium_bio__current__GA__GA_flex0__Base__Run_Model_Planning
280,electricity,transport,0.5391536526470405,1.0776271282722387,1.868673004674898,PT,elec_van_PT,wy2009__2030_wy2009__2040_wy2009__2050_wy2009__medium_bio__current__GA__GA_flex0__Base__Run_Model_Planning
281,electricity,residual-electricity,209.78982567130035,209.78982567130035,209.78982567130035,ES,elec_ES,wy2009__2030_wy2009__2040_wy2009__2050_wy2009__medium_bio__current__GA__GA_flex0__Base__Run_Model_Planning
282,electricity,residual-electricity,332.66656862100393,332.66656862100393,332.66656862100393,FR,elec_FR,wy2009__2030_wy2009__2040_wy2009__2050_wy2009__medium_bio__current__GA__GA_flex0__Base__Run_Model_Planning
283,electricity,residual-electricity,42.95984761069764,42.95984761069764,42.95984761069764,PT,elec_PT,wy2009__2030_wy2009__2040_wy2009__2050_wy2009__medium_bio__current__GA__GA_flex0__Base__Run_Model_Planning
