,unit_name,node,y2030,y2040,y2050,scenario,polygon,technology
0,((BM)MeOH)O_FR,chemicals,75532.66100242738,555784.7299098367,1268730.5389094013,wy2009__2030_wy2009__2040_wy2009__2050_wy2009__medium_bio__current__GA__GA_flex0__Base__Run_Model_Planning,FR,((BM)MeOH)O
1,((BM+H2)MeOH)O_ES,chemicals,3.0399381149587923e-10,3.399174176192626e-10,5876.046600515774,wy2009__2030_wy2009__2040_wy2009__2050_wy2009__medium_bio__current__GA__GA_flex0__Base__Run_Model_Planning,ES,((BM+H2)MeOH)O
2,((BM+H2)MeOH)O_PT,chemicals,2.9521353150633034e-10,3.8151660900502667e-10,5567.54972290516,wy2009__2030_wy2009__2040_wy2009__2050_wy2009__medium_bio__current__GA__GA_flex0__Base__Run_Model_Planning,PT,((BM+H2)MeOH)O
3,(BM)FT_ES,hydrocarbons,155013093.39748585,155286171.35692602,166296999.48256788,wy2009__2030_wy2009__2040_wy2009__2050_wy2009__medium_bio__current__GA__GA_flex0__Base__Run_Model_Planning,ES,Biofuel Production
4,(BM)FT_FR,hydrocarbons,316241451.0508866,264246375.03320032,241627051.73765036,wy2009__2030_wy2009__2040_wy2009__2050_wy2009__medium_bio__current__GA__GA_flex0__Base__Run_Model_Planning,FR,Biofuel Production
5,(BM)FT_PT,hydrocarbons,41663648.701635696,41932817.792727575,44661837.998846926,wy2009__2030_wy2009__2040_wy2009__2050_wy2009__medium_bio__current__GA__GA_flex0__Base__Run_Model_Planning,PT,Biofuel Production
6,(COEL)FT-MEA_ES,CO2,3474768.516524559,3680674.1079346216,3991238.82435691,wy2009__2030_wy2009__2040_wy2009__2050_wy2009__medium_bio__current__GA__GA_flex0__Base__Run_Model_Planning,ES,Synfuel Production
7,(COEL)FT-MEA_ES,hydrocarbons,77217078.1449902,81792757.9541027,88694196.09682024,wy2009__2030_wy2009__2040_wy2009__2050_wy2009__medium_bio__current__GA__GA_flex0__Base__Run_Model_Planning,ES,Synfuel Production
8,(COEL)FT-MEA_FR,CO2,3217495.7163275615,3135573.5807118043,1929126.5954631292,wy2009__2030_wy2009__2040_wy2009__2050_wy2009__medium_bio__current__GA__GA_flex0__Base__Run_Model_Planning,FR,Synfuel Production
9,(COEL)FT-MEA_FR,hydrocarbons,71499904.80727914,69679412.90470676,42869479.89918065,wy2009__2030_wy2009__2040_wy2009__2050_wy2009__medium_bio__current__GA__GA_flex0__Base__Run_Model_Planning,FR,Synfuel Production
10,(COEL)FT-MEA_PT,CO2,331554.47071914753,376982.11354293703,428651.61805088405,wy2009__2030_wy2009__2040_wy2009__2050_wy2009__medium_bio__current__GA__GA_flex0__Base__Run_Model_Planning,PT,Synfuel Production
11,(COEL)FT-MEA_PT,hydrocarbons,7367877.127092168,8377380.300954156,9525591.512241868,wy2009__2030_wy2009__2040_wy2009__2050_wy2009__medium_bio__current__GA__GA_flex0__Base__Run_Model_Planning,PT,Synfuel Production
12,(EL)-CC_gco_FR,CO2,125340.30599999885,125340.30599999745,125340.30599999626,wy2009__2030_wy2009__2040_wy2009__2050_wy2009__medium_bio__current__GA__GA_flex0__Base__Run_Model_Planning,FR,(EL)-CC_gco
13,(EL)-CC_gco_FR,glass,5968585.999999944,5968585.999999879,5968585.999999821,wy2009__2030_wy2009__2040_wy2009__2050_wy2009__medium_bio__current__GA__GA_flex0__Base__Run_Model_Planning,FR,(EL)-CC_gco
14,(EL)-CC_gfi_FR,CO2,25013.00999999865,25013.009999999354,25013.009999993148,wy2009__2030_wy2009__2040_wy2009__2050_wy2009__medium_bio__current__GA__GA_flex0__Base__Run_Model_Planning,FR,(EL)-CC_gfi
15,(EL)-CC_gfi_FR,glass,378984.99999997957,378984.9999999902,378984.99999989616,wy2009__2030_wy2009__2040_wy2009__2050_wy2009__medium_bio__current__GA__GA_flex0__Base__Run_Model_Planning,FR,(EL)-CC_gfi
16,(EL)-CC_gfl_FR,CO2,49604.10000000187,49604.09999999826,49604.09999999367,wy2009__2030_wy2009__2040_wy2009__2050_wy2009__medium_bio__current__GA__GA_flex0__Base__Run_Model_Planning,FR,(EL)-CC_gfl
17,(EL)-CC_gfl_FR,glass,953925.0000000361,953924.9999999666,953924.9999998782,wy2009__2030_wy2009__2040_wy2009__2050_wy2009__medium_bio__current__GA__GA_flex0__Base__Run_Model_Planning,FR,(EL)-CC_gfl
18,(H2)FT-DC_ES,hydrocarbons,4.228573006804934e-08,40970366.35686576,79068788.12835269,wy2009__2030_wy2009__2040_wy2009__2050_wy2009__medium_bio__current__GA__GA_flex0__Base__Run_Model_Planning,ES,Synfuel Production
19,(H2)FT-DC_PT,hydrocarbons,3.90102527028508e-08,12521968.832787115,11800214.906638674,wy2009__2030_wy2009__2040_wy2009__2050_wy2009__medium_bio__current__GA__GA_flex0__Base__Run_Model_Planning,PT,Synfuel Production
20,(H2)MeOH-DC_ES,methanol,40756275.83348877,40757662.162162304,38801127.35544235,wy2009__2030_wy2009__2040_wy2009__2050_wy2009__medium_bio__current__GA__GA_flex0__Base__Run_Model_Planning,ES,Syn-production of Methanol
21,(H2)MeOH-DC_FR,methanol,77631701.74610688,71023108.47319825,61532134.200109206,wy2009__2030_wy2009__2040_wy2009__2050_wy2009__medium_bio__current__GA__GA_flex0__Base__Run_Model_Planning,FR,Syn-production of Methanol
22,(H2)MeOH-DC_PT,methanol,15554243.869204406,15495785.552324355,15511452.030770602,wy2009__2030_wy2009__2040_wy2009__2050_wy2009__medium_bio__current__GA__GA_flex0__Base__Run_Model_Planning,PT,Syn-production of Methanol
23,(LN)O_ES,chemicals,102.58832184552126,2.703215807294977e-10,138722.0593820798,wy2009__2030_wy2009__2040_wy2009__2050_wy2009__medium_bio__current__GA__GA_flex0__Base__Run_Model_Planning,ES,(LN)O
24,(LN)O_FR,chemicals,1644.4097856418343,10428.243073198715,1.0379996403066603e-07,wy2009__2030_wy2009__2040_wy2009__2050_wy2009__medium_bio__current__GA__GA_flex0__Base__Run_Model_Planning,FR,(LN)O
25,(LN)O_PT,chemicals,2400.953678878593,6726.869127948747,5.103335428258255e-09,wy2009__2030_wy2009__2040_wy2009__2050_wy2009__medium_bio__current__GA__GA_flex0__Base__Run_Model_Planning,PT,(LN)O
26,(MeOH)O-MEA_ES,CO2,398107.30234150775,398120.8440000013,379033.89401008456,wy2009__2030_wy2009__2040_wy2009__2050_wy2009__medium_bio__current__GA__GA_flex0__Base__Run_Model_Planning,ES,(MeOH)O-MEA
27,(MeOH)O-MEA_ES,chemicals,3015964.411678089,3016067.0000000102,2871468.894015792,wy2009__2030_wy2009__2040_wy2009__2050_wy2009__medium_bio__current__GA__GA_flex0__Base__Run_Model_Planning,ES,(MeOH)O-MEA
28,(MeOH)O-MEA_FR,CO2,758306.4626559796,693753.7235662994,601021.4048639487,wy2009__2030_wy2009__2040_wy2009__2050_wy2009__medium_bio__current__GA__GA_flex0__Base__Run_Model_Planning,FR,(MeOH)O-MEA
29,(MeOH)O-MEA_FR,chemicals,5744745.929211967,5255710.02701742,4553192.46109052,wy2009__2030_wy2009__2040_wy2009__2050_wy2009__medium_bio__current__GA__GA_flex0__Base__Run_Model_Planning,FR,(MeOH)O-MEA
30,(MeOH)O-MEA_PT,CO2,151933.854114394,151362.833275115,151515.86343656978,wy2009__2030_wy2009__2040_wy2009__2050_wy2009__medium_bio__current__GA__GA_flex0__Base__Run_Model_Planning,PT,(MeOH)O-MEA
31,(MeOH)O-MEA_PT,chemicals,1151014.0463211667,1146688.1308720834,1147847.4502770437,wy2009__2030_wy2009__2040_wy2009__2050_wy2009__medium_bio__current__GA__GA_flex0__Base__Run_Model_Planning,PT,(MeOH)O-MEA
32,(NG)DRI-EAF-MEA_ES,CO2,2877846.0000000214,2877845.999999999,2877845.999999595,wy2009__2030_wy2009__2040_wy2009__2050_wy2009__medium_bio__current__GA__GA_flex0__Base__Run_Model_Planning,ES,(NG)DRI-EAF-MEA
33,(NG)DRI-EAF-MEA_ES,emission,202256.23330365244,202256.2333036509,202256.23330362246,wy2009__2030_wy2009__2040_wy2009__2050_wy2009__medium_bio__current__GA__GA_flex0__Base__Run_Model_Planning,ES,(NG)DRI-EAF-MEA
34,(NG)DRI-EAF-MEA_ES,steel,4911000.000000037,4910999.999999998,4910999.999999309,wy2009__2030_wy2009__2040_wy2009__2050_wy2009__medium_bio__current__GA__GA_flex0__Base__Run_Model_Planning,ES,(NG)DRI-EAF-MEA
35,(NG)DRI-EAF-MEA_FR,CO2,6167063.999999977,6167063.999999903,6167063.999999991,wy2009__2030_wy2009__2040_wy2009__2050_wy2009__medium_bio__current__GA__GA_flex0__Base__Run_Model_Planning,FR,(NG)DRI-EAF-MEA
36,(NG)DRI-EAF-MEA_FR,emission,433423.864648262,433423.86464825674,433423.86464826297,wy2009__2030_wy2009__2040_wy2009__2050_wy2009__medium_bio__current__GA__GA_flex0__Base__Run_Model_Planning,FR,(NG)DRI-EAF-MEA
37,(NG)DRI-EAF-MEA_FR,steel,10523999.99999996,10523999.999999832,10523999.999999985,wy2009__2030_wy2009__2040_wy2009__2050_wy2009__medium_bio__current__GA__GA_flex0__Base__Run_Model_Planning,FR,(NG)DRI-EAF-MEA
38,(NG)NH3-MVR-DEA_ES,CO2,783840.0000000598,783839.9999999574,753315.7088117078,wy2009__2030_wy2009__2040_wy2009__2050_wy2009__medium_bio__current__GA__GA_flex0__Base__Run_Model_Planning,ES,(NG)NH3-MVR-DEA
39,(NG)NH3-MVR-DEA_ES,ammonia,552000.0000000421,551999.99999997,530504.0202899352,wy2009__2030_wy2009__2040_wy2009__2050_wy2009__medium_bio__current__GA__GA_flex0__Base__Run_Model_Planning,ES,(NG)NH3-MVR-DEA
40,(NG)NH3-MVR-DEA_FR,CO2,1236834.1999999508,1236834.200000002,1185299.4416666143,wy2009__2030_wy2009__2040_wy2009__2050_wy2009__medium_bio__current__GA__GA_flex0__Base__Run_Model_Planning,FR,(NG)NH3-MVR-DEA
41,(NG)NH3-MVR-DEA_FR,ammonia,871009.9999999655,871010.0000000015,834717.91666663,wy2009__2030_wy2009__2040_wy2009__2050_wy2009__medium_bio__current__GA__GA_flex0__Base__Run_Model_Planning,FR,(NG)NH3-MVR-DEA
42,(NG)NH3_ES,ammonia,1.1211916446178855e-09,1.6629866365131992e-09,21495.979709873835,wy2009__2030_wy2009__2040_wy2009__2050_wy2009__medium_bio__current__GA__GA_flex0__Base__Run_Model_Planning,ES,(NG)NH3
43,(NG)NH3_FR,ammonia,1.685555105248716e-09,2.283570626823768e-09,36292.08333332375,wy2009__2030_wy2009__2040_wy2009__2050_wy2009__medium_bio__current__GA__GA_flex0__Base__Run_Model_Planning,FR,(NG)NH3
44,(NG)PEA_ES,chemicals,2207684.9999999115,2207684.9999999534,2207684.9999998473,wy2009__2030_wy2009__2040_wy2009__2050_wy2009__medium_bio__current__GA__GA_flex0__Base__Run_Model_Planning,ES,(NG)PEA
45,(NG)PEA_FR,chemicals,1228122.999999865,1228123.000000024,1228122.9999999446,wy2009__2030_wy2009__2040_wy2009__2050_wy2009__medium_bio__current__GA__GA_flex0__Base__Run_Model_Planning,FR,(NG)PEA
46,(NG)PEA_PT,chemicals,173624.0000000805,173623.99999996903,173623.99999952604,wy2009__2030_wy2009__2040_wy2009__2050_wy2009__medium_bio__current__GA__GA_flex0__Base__Run_Model_Planning,PT,(NG)PEA
47,(NG)PE_ES,chemicals,1960323.000002332,1960323.0000000244,1960323.000001787,wy2009__2030_wy2009__2040_wy2009__2050_wy2009__medium_bio__current__GA__GA_flex0__Base__Run_Model_Planning,ES,(NG)PE
48,(NG)PE_FR,chemicals,2384527.999999966,2384527.999999971,2384527.9999990375,wy2009__2030_wy2009__2040_wy2009__2050_wy2009__medium_bio__current__GA__GA_flex0__Base__Run_Model_Planning,FR,(NG)PE
49,(NG)PE_PT,chemicals,235829.99999997206,235829.99999997223,235829.99999985105,wy2009__2030_wy2009__2040_wy2009__2050_wy2009__medium_bio__current__GA__GA_flex0__Base__Run_Model_Planning,PT,(NG)PE
50,(NG)_gco_ES,glass,3454355.9999993555,3454355.9999999185,3454355.999999803,wy2009__2030_wy2009__2040_wy2009__2050_wy2009__medium_bio__current__GA__GA_flex0__Base__Run_Model_Planning,ES,(NG)_gco
51,(NG)_gco_PT,glass,2042494.00000133,2042493.999999858,2042493.999991474,wy2009__2030_wy2009__2040_wy2009__2050_wy2009__medium_bio__current__GA__GA_flex0__Base__Run_Model_Planning,PT,(NG)_gco
52,(NG)_gfi_ES,glass,62475.99999993996,62475.99999996572,62475.999999859465,wy2009__2030_wy2009__2040_wy2009__2050_wy2009__medium_bio__current__GA__GA_flex0__Base__Run_Model_Planning,ES,(NG)_gfi
53,(NG)_gfl_ES,glass,836909.999999857,836909.9999999783,836909.9999993966,wy2009__2030_wy2009__2040_wy2009__2050_wy2009__medium_bio__current__GA__GA_flex0__Base__Run_Model_Planning,ES,(NG)_gfl
54,CCGT+CC_ES,CO2,3.000883521544133e-08,1.1482422468052586e-08,2705129.0784104806,wy2009__2030_wy2009__2040_wy2009__2050_wy2009__medium_bio__current__GA__GA_flex0__Base__Run_Model_Planning,ES,Gas Turbine
55,CCGT+CC_ES,electricity,7.891212223319757e-08,3.019451834191606e-08,7113487.576560896,wy2009__2030_wy2009__2040_wy2009__2050_wy2009__medium_bio__current__GA__GA_flex0__Base__Run_Model_Planning,ES,Gas Turbine
56,CCGT+CC_FR,CO2,2.8870317626811964e-09,3.862569533509841e-09,4435144.07838905,wy2009__2030_wy2009__2040_wy2009__2050_wy2009__medium_bio__current__GA__GA_flex0__Base__Run_Model_Planning,FR,Gas Turbine
57,CCGT+CC_FR,electricity,7.591824264828331e-09,1.0157127291822174e-08,11662786.280208241,wy2009__2030_wy2009__2040_wy2009__2050_wy2009__medium_bio__current__GA__GA_flex0__Base__Run_Model_Planning,FR,Gas Turbine
58,CCGT+CC_PT,CO2,3.0657849863002804e-08,1.1674914673954243e-08,508029.3437234227,wy2009__2030_wy2009__2040_wy2009__2050_wy2009__medium_bio__current__GA__GA_flex0__Base__Run_Model_Planning,PT,Gas Turbine
59,CCGT+CC_PT,electricity,8.061879038048886e-08,3.0700701550027824e-08,1335929.0149764079,wy2009__2030_wy2009__2040_wy2009__2050_wy2009__medium_bio__current__GA__GA_flex0__Base__Run_Model_Planning,PT,Gas Turbine
60,CCGT-existing_ES,electricity,3639204.690306434,1922275.1613021612,4.5157053585408186e-08,wy2009__2030_wy2009__2040_wy2009__2050_wy2009__medium_bio__current__GA__GA_flex0__Base__Run_Model_Planning,ES,Gas Turbine
61,CCGT-existing_FR,electricity,3225004.1722208513,2402881.411221697,3.4819726658522665e-07,wy2009__2030_wy2009__2040_wy2009__2050_wy2009__medium_bio__current__GA__GA_flex0__Base__Run_Model_Planning,FR,Gas Turbine
62,CCGT-existing_PT,electricity,829869.4066092161,427404.5455700622,4.2038273093138916e-08,wy2009__2030_wy2009__2040_wy2009__2050_wy2009__medium_bio__current__GA__GA_flex0__Base__Run_Model_Planning,PT,Gas Turbine
63,CEM2-(Afm)MEA_ES,CO2,1.8412070859569384e-08,1.7863420284594462e-08,11973601.463998482,wy2009__2030_wy2009__2040_wy2009__2050_wy2009__medium_bio__current__GA__GA_flex0__Base__Run_Model_Planning,ES,CEM2-(Afm)MEA
64,CEM2-(Afm)MEA_ES,emission,4.961176494930191e-09,4.813341286318616e-09,3226315.529411354,wy2009__2030_wy2009__2040_wy2009__2050_wy2009__medium_bio__current__GA__GA_flex0__Base__Run_Model_Planning,ES,CEM2-(Afm)MEA
65,CEM2-(Afm)MEA_ES,cement,3.5682307867382533e-08,3.461903155929159e-08,23204653.999997053,wy2009__2030_wy2009__2040_wy2009__2050_wy2009__medium_bio__current__GA__GA_flex0__Base__Run_Model_Planning,ES,CEM2-(Afm)MEA
66,CEM2-(Afm)MEA_PT,CO2,1.3920341066392783e-08,1.2814088418071319e-08,3314467.1759986645,wy2009__2030_wy2009__2040_wy2009__2050_wy2009__medium_bio__current__GA__GA_flex0__Base__Run_Model_Planning,PT,CEM2-(Afm)MEA
67,CEM2-(Afm)MEA_PT,emission,3.7508691676637674e-09,3.452786747811779e-09,893091.101603918,wy2009__2030_wy2009__2040_wy2009__2050_wy2009__medium_bio__current__GA__GA_flex0__Base__Run_Model_Planning,PT,CEM2-(Afm)MEA
68,CEM2-(Afm)MEA_PT,cement,2.697740516742787e-08,2.4833504686184726e-08,6423385.999997411,wy2009__2030_wy2009__2040_wy2009__2050_wy2009__medium_bio__current__GA__GA_flex0__Base__Run_Model_Planning,PT,CEM2-(Afm)MEA
69,CEM2-(BMW)Oxy-MEA_ES,CO2,16382485.723999806,16382485.723999828,4.4821641621130417e-07,wy2009__2030_wy2009__2040_wy2009__2050_wy2009__medium_bio__current__GA__GA_flex0__Base__Run_Model_Planning,ES,CEM2-(BMW)Oxy-MEA
70,CEM2-(BMW)Oxy-MEA_ES,cement,23204653.999999728,23204653.99999976,6.348674450585046e-07,wy2009__2030_wy2009__2040_wy2009__2050_wy2009__medium_bio__current__GA__GA_flex0__Base__Run_Model_Planning,ES,CEM2-(BMW)Oxy-MEA
71,CEM2-(BMW)Oxy-MEA_FR,CO2,11182581.805999968,11182581.805999935,11182581.805999447,wy2009__2030_wy2009__2040_wy2009__2050_wy2009__medium_bio__current__GA__GA_flex0__Base__Run_Model_Planning,FR,CEM2-(BMW)Oxy-MEA
72,CEM2-(BMW)Oxy-MEA_FR,cement,15839350.999999955,15839350.999999909,15839350.999999214,wy2009__2030_wy2009__2040_wy2009__2050_wy2009__medium_bio__current__GA__GA_flex0__Base__Run_Model_Planning,FR,CEM2-(BMW)Oxy-MEA
73,CEM2-(BMW)Oxy-MEA_PT,CO2,4534910.515999725,4534910.515999807,5.796227791942506e-07,wy2009__2030_wy2009__2040_wy2009__2050_wy2009__medium_bio__current__GA__GA_flex0__Base__Run_Model_Planning,PT,CEM2-(BMW)Oxy-MEA
74,CEM2-(BMW)Oxy-MEA_PT,cement,6423385.999999613,6423385.999999727,8.209954379521962e-07,wy2009__2030_wy2009__2040_wy2009__2050_wy2009__medium_bio__current__GA__GA_flex0__Base__Run_Model_Planning,PT,CEM2-(BMW)Oxy-MEA
75,CH4-import-DZ_ES,methane,118660768.26977792,118617772.30310453,118560792.90720548,wy2009__2030_wy2009__2040_wy2009__2050_wy2009__medium_bio__current__GA__GA_flex0__Base__Run_Model_Planning,ES,Gas Imports
76,CH4-import-DZ_ES,emission,23732153.65395558,23723554.46062091,23712158.581441097,wy2009__2030_wy2009__2040_wy2009__2050_wy2009__medium_bio__current__GA__GA_flex0__Base__Run_Model_Planning,ES,Gas Imports
77,CH4-import-MA_ES,methane,131534944.50360453,147083038.2660432,140445494.2308566,wy2009__2030_wy2009__2040_wy2009__2050_wy2009__medium_bio__current__GA__GA_flex0__Base__Run_Model_Planning,ES,Gas Imports
78,CH4-import-MA_ES,emission,26306988.900720913,29416607.653208636,28089098.84617132,wy2009__2030_wy2009__2040_wy2009__2050_wy2009__medium_bio__current__GA__GA_flex0__Base__Run_Model_Planning,ES,Gas Imports
79,DAC_ES,CO2,31119788.088848703,45282193.19646153,42745203.60569909,wy2009__2030_wy2009__2040_wy2009__2050_wy2009__medium_bio__current__GA__GA_flex0__Base__Run_Model_Planning,ES,DAC
80,LH2-terminal_FR,hydrogen,775630.4554009093,862223.4372479913,524489.4591738782,wy2009__2030_wy2009__2040_wy2009__2050_wy2009__medium_bio__current__GA__GA_flex0__Base__Run_Model_Planning,FR,LH2-terminal
81,LNG-terminal_ES,methane,32664676.777074125,24022961.110802397,18886565.42494685,wy2009__2030_wy2009__2040_wy2009__2050_wy2009__medium_bio__current__GA__GA_flex0__Base__Run_Model_Planning,ES,LNG Terminals
82,LNG-terminal_ES,emission,6532935.3554148255,4804592.222160479,3777313.08498937,wy2009__2030_wy2009__2040_wy2009__2050_wy2009__medium_bio__current__GA__GA_flex0__Base__Run_Model_Planning,ES,LNG Terminals
83,LNG-terminal_FR,methane,105198186.50427379,31417394.12214025,42557182.34949016,wy2009__2030_wy2009__2040_wy2009__2050_wy2009__medium_bio__current__GA__GA_flex0__Base__Run_Model_Planning,FR,LNG Terminals
84,LNG-terminal_FR,emission,21039637.30085476,6283478.824428051,8511436.469898034,wy2009__2030_wy2009__2040_wy2009__2050_wy2009__medium_bio__current__GA__GA_flex0__Base__Run_Model_Planning,FR,LNG Terminals
85,LNG-terminal_PT,methane,10641972.448965697,10744088.423031121,8204208.072036718,wy2009__2030_wy2009__2040_wy2009__2050_wy2009__medium_bio__current__GA__GA_flex0__Base__Run_Model_Planning,PT,LNG Terminals
86,LNG-terminal_PT,emission,2128394.4897931386,2148817.684606224,1640841.6144073436,wy2009__2030_wy2009__2040_wy2009__2050_wy2009__medium_bio__current__GA__GA_flex0__Base__Run_Model_Planning,PT,LNG Terminals
87,PEM_ES,hydrogen,34794354.55436544,54143788.244862154,70241980.47894973,wy2009__2030_wy2009__2040_wy2009__2050_wy2009__medium_bio__current__GA__GA_flex0__Base__Run_Model_Planning,ES,Electrolyzer
88,PEM_FR,hydrogen,77394482.72721095,125905705.10513669,133940957.82616352,wy2009__2030_wy2009__2040_wy2009__2050_wy2009__medium_bio__current__GA__GA_flex0__Base__Run_Model_Planning,FR,Electrolyzer
89,PEM_PT,hydrogen,5042811.7639235,7589605.516788717,22542867.336676553,wy2009__2030_wy2009__2040_wy2009__2050_wy2009__medium_bio__current__GA__GA_flex0__Base__Run_Model_Planning,PT,Electrolyzer
90,REF-SMR_ES,hydrocarbons,179879212.98196673,99151872.35244727,52349638.656915925,wy2009__2030_wy2009__2040_wy2009__2050_wy2009__medium_bio__current__GA__GA_flex0__Base__Run_Model_Planning,ES,Refinery
91,REF-SMR_ES,emission,118045733.51941568,65068416.231293514,34354450.36860108,wy2009__2030_wy2009__2040_wy2009__2050_wy2009__medium_bio__current__GA__GA_flex0__Base__Run_Model_Planning,ES,Refinery
92,REF-SMR_FR,hydrocarbons,31596609.042424604,6495922.2877734145,1.1489878704860444e-07,wy2009__2030_wy2009__2040_wy2009__2050_wy2009__medium_bio__current__GA__GA_flex0__Base__Run_Model_Planning,FR,Refinery
93,REF-SMR_FR,emission,20735274.684091147,4262949.001351303,7.540232900064666e-08,wy2009__2030_wy2009__2040_wy2009__2050_wy2009__medium_bio__current__GA__GA_flex0__Base__Run_Model_Planning,FR,Refinery
94,REF-SMR_PT,hydrocarbons,29180240.299485117,3598835.1992190927,197760.32109264156,wy2009__2030_wy2009__2040_wy2009__2050_wy2009__medium_bio__current__GA__GA_flex0__Base__Run_Model_Planning,PT,Refinery
95,REF-SMR_PT,emission,19149532.696537107,2361735.59948753,129780.21071704604,wy2009__2030_wy2009__2040_wy2009__2050_wy2009__medium_bio__current__GA__GA_flex0__Base__Run_Model_Planning,PT,Refinery
96,RoR_ES,electricity,9623778.190000676,9623778.190000676,9623778.190000676,wy2009__2030_wy2009__2040_wy2009__2050_wy2009__medium_bio__current__GA__GA_flex0__Base__Run_Model_Planning,ES,Run-of-River
97,RoR_FR,electricity,37359173.1192642,37359173.1192642,37359173.1192642,wy2009__2030_wy2009__2040_wy2009__2050_wy2009__medium_bio__current__GA__GA_flex0__Base__Run_Model_Planning,FR,Run-of-River
98,RoR_PT,electricity,6093623.171057298,6093623.171057298,6093623.171057298,wy2009__2030_wy2009__2040_wy2009__2050_wy2009__medium_bio__current__GA__GA_flex0__Base__Run_Model_Planning,PT,Run-of-River
99,SCPC-existing_ES,emission,525598.9054880221,1024641.5360163839,0.0,wy2009__2030_wy2009__2040_wy2009__2050_wy2009__medium_bio__current__GA__GA_flex0__Base__Run_Model_Planning,ES,Coal PP
100,SCPC-existing_ES,electricity,710268.7912000299,1384650.7243464647,0.0,wy2009__2030_wy2009__2040_wy2009__2050_wy2009__medium_bio__current__GA__GA_flex0__Base__Run_Model_Planning,ES,Coal PP
101,SCPC-existing_FR,emission,286045.14255388477,535789.4016492215,0.0,wy2009__2030_wy2009__2040_wy2009__2050_wy2009__medium_bio__current__GA__GA_flex0__Base__Run_Model_Planning,FR,Coal PP
102,SCPC-existing_FR,electricity,386547.48993768217,724039.7319584073,0.0,wy2009__2030_wy2009__2040_wy2009__2050_wy2009__medium_bio__current__GA__GA_flex0__Base__Run_Model_Planning,FR,Coal PP
103,SMR+CC_ES,CO2,3730515.1654166495,3650627.007741791,7390020.016012387,wy2009__2030_wy2009__2040_wy2009__2050_wy2009__medium_bio__current__GA__GA_flex0__Base__Run_Model_Planning,ES,Steam Methane Reforming
104,SMR+CC_ES,hydrogen,19500420.182859756,19082822.995013908,38629650.08370111,wy2009__2030_wy2009__2040_wy2009__2050_wy2009__medium_bio__current__GA__GA_flex0__Base__Run_Model_Planning,ES,Steam Methane Reforming
105,SMR+CC_FR,CO2,766654.9976754015,1177935.830571997,637522.6365897895,wy2009__2030_wy2009__2040_wy2009__2050_wy2009__medium_bio__current__GA__GA_flex0__Base__Run_Model_Planning,FR,Steam Methane Reforming
106,SMR+CC_FR,hydrogen,4007514.760575962,6157391.841626346,3332504.691264809,wy2009__2030_wy2009__2040_wy2009__2050_wy2009__medium_bio__current__GA__GA_flex0__Base__Run_Model_Planning,FR,Steam Methane Reforming
107,SMR+CC_PT,CO2,2276588.5710920263,2351574.4858847084,2068223.4730607555,wy2009__2030_wy2009__2040_wy2009__2050_wy2009__medium_bio__current__GA__GA_flex0__Base__Run_Model_Planning,PT,Steam Methane Reforming
108,SMR+CC_PT,hydrogen,11900349.348890137,12292321.176215518,10811168.154635768,wy2009__2030_wy2009__2040_wy2009__2050_wy2009__medium_bio__current__GA__GA_flex0__Base__Run_Model_Planning,PT,Steam Methane Reforming
109,SMR_ES,hydrogen,3952562.6588636306,1740649.51820509,7.477007594783184e-07,wy2009__2030_wy2009__2040_wy2009__2050_wy2009__medium_bio__current__GA__GA_flex0__Base__Run_Model_Planning,ES,Steam Methane Reforming
110,SMR_PT,hydrogen,746377.8839037536,785446.8002639192,6.655404525801392e-07,wy2009__2030_wy2009__2040_wy2009__2050_wy2009__medium_bio__current__GA__GA_flex0__Base__Run_Model_Planning,PT,Steam Methane Reforming
111,Scraps-EAF_ES,emission,285291.67731891165,285291.67731891165,285291.67731891165,wy2009__2030_wy2009__2040_wy2009__2050_wy2009__medium_bio__current__GA__GA_flex0__Base__Run_Model_Planning,ES,Scraps-EAF
112,Scraps-EAF_ES,steel,9409998.999999996,9409998.999999996,9409998.999999996,wy2009__2030_wy2009__2040_wy2009__2050_wy2009__medium_bio__current__GA__GA_flex0__Base__Run_Model_Planning,ES,Scraps-EAF
113,Scraps-EAF_FR,emission,147466.40445755483,147466.40445755483,147466.40445755483,wy2009__2030_wy2009__2040_wy2009__2050_wy2009__medium_bio__current__GA__GA_flex0__Base__Run_Model_Planning,FR,Scraps-EAF
114,Scraps-EAF_FR,steel,4863999.999999998,4863999.999999998,4863999.999999998,wy2009__2030_wy2009__2040_wy2009__2050_wy2009__medium_bio__current__GA__GA_flex0__Base__Run_Model_Planning,FR,Scraps-EAF
115,Scraps-EAF_PT,emission,51540.47853162895,51540.47853162895,51540.47853162895,wy2009__2030_wy2009__2040_wy2009__2050_wy2009__medium_bio__current__GA__GA_flex0__Base__Run_Model_Planning,PT,Scraps-EAF
116,Scraps-EAF_PT,steel,1699999.9999999995,1699999.9999999995,1699999.9999999995,wy2009__2030_wy2009__2040_wy2009__2050_wy2009__medium_bio__current__GA__GA_flex0__Base__Run_Model_Planning,PT,Scraps-EAF
117,air-heatpump-cool_ES,buildings,29344733.54502775,38813811.07687108,47277125.683648095,wy2009__2030_wy2009__2040_wy2009__2050_wy2009__medium_bio__current__GA__GA_flex0__Base__Run_Model_Planning,ES,Cooling Unit
118,air-heatpump-cool_FR,buildings,34172558.908428885,43476287.10939814,52157465.1839276,wy2009__2030_wy2009__2040_wy2009__2050_wy2009__medium_bio__current__GA__GA_flex0__Base__Run_Model_Planning,FR,Cooling Unit
119,air-heatpump-cool_PT,buildings,5020419.763497749,6636240.489637805,7939308.401132364,wy2009__2030_wy2009__2040_wy2009__2050_wy2009__medium_bio__current__GA__GA_flex0__Base__Run_Model_Planning,PT,Cooling Unit
120,air-heatpump-existing_ES,buildings heat,1617094.7598897037,1117778.696632783,0.0,wy2009__2030_wy2009__2040_wy2009__2050_wy2009__medium_bio__current__GA__GA_flex0__Base__Run_Model_Planning,ES,Air HP
121,air-heatpump-existing_FR,buildings heat,27401234.298374183,17180055.587290738,0.0,wy2009__2030_wy2009__2040_wy2009__2050_wy2009__medium_bio__current__GA__GA_flex0__Base__Run_Model_Planning,FR,Air HP
122,air-heatpump-existing_PT,buildings heat,399955.24818567093,250122.4933368998,0.0,wy2009__2030_wy2009__2040_wy2009__2050_wy2009__medium_bio__current__GA__GA_flex0__Base__Run_Model_Planning,PT,Air HP
123,air-heatpump_ES,buildings heat,79094037.292456,79465728.1566586,80254841.81109998,wy2009__2030_wy2009__2040_wy2009__2050_wy2009__medium_bio__current__GA__GA_flex0__Base__Run_Model_Planning,ES,Air HP
124,air-heatpump_FR,buildings heat,260577021.980443,252699789.4931017,262652049.32449594,wy2009__2030_wy2009__2040_wy2009__2050_wy2009__medium_bio__current__GA__GA_flex0__Base__Run_Model_Planning,FR,Air HP
125,air-heatpump_PT,buildings heat,6816669.579098774,6561241.346912701,6461438.384166656,wy2009__2030_wy2009__2040_wy2009__2050_wy2009__medium_bio__current__GA__GA_flex0__Base__Run_Model_Planning,PT,Air HP
126,bio-boiler-existing_FR,buildings heat,13233714.225367902,84280438.52917296,0.0,wy2009__2030_wy2009__2040_wy2009__2050_wy2009__medium_bio__current__GA__GA_flex0__Base__Run_Model_Planning,FR,Biomass Boiler
127,bio-boiler-existing_PT,buildings heat,92371.5497952883,9.879252634274667e-09,0.0,wy2009__2030_wy2009__2040_wy2009__2050_wy2009__medium_bio__current__GA__GA_flex0__Base__Run_Model_Planning,PT,Biomass Boiler
128,bio-boiler_FR,buildings heat,1.624756381541474e-08,4.4606871229777856e-08,109515365.37693337,wy2009__2030_wy2009__2040_wy2009__2050_wy2009__medium_bio__current__GA__GA_flex0__Base__Run_Model_Planning,FR,Biomass Boiler
129,coal-boiler-existing_ES,emission,272398.69809050485,183182.3285893984,0.0,wy2009__2030_wy2009__2040_wy2009__2050_wy2009__medium_bio__current__GA__GA_flex0__Base__Run_Model_Planning,ES,Coal Boiler
130,coal-boiler-existing_ES,buildings heat,662591.4277877146,445578.63710934756,0.0,wy2009__2030_wy2009__2040_wy2009__2050_wy2009__medium_bio__current__GA__GA_flex0__Base__Run_Model_Planning,ES,Coal Boiler
131,coal-boiler-existing_FR,emission,160302.08028736053,112859.3625936349,0.0,wy2009__2030_wy2009__2040_wy2009__2050_wy2009__medium_bio__current__GA__GA_flex0__Base__Run_Model_Planning,FR,Coal Boiler
132,coal-boiler-existing_FR,buildings heat,389923.97907736344,274522.7738764092,0.0,wy2009__2030_wy2009__2040_wy2009__2050_wy2009__medium_bio__current__GA__GA_flex0__Base__Run_Model_Planning,FR,Coal Boiler
133,coal-boiler-existing_PT,emission,34.27952006866043,19.840410809124897,0.0,wy2009__2030_wy2009__2040_wy2009__2050_wy2009__medium_bio__current__GA__GA_flex0__Base__Run_Model_Planning,PT,Coal Boiler
134,coal-boiler-existing_PT,buildings heat,83.38261638322807,48.2604587248984,0.0,wy2009__2030_wy2009__2040_wy2009__2050_wy2009__medium_bio__current__GA__GA_flex0__Base__Run_Model_Planning,PT,Coal Boiler
135,electric-heating-existing_ES,buildings heat,5763442.425065179,5368472.177115308,2279621.844394824,wy2009__2030_wy2009__2040_wy2009__2050_wy2009__medium_bio__current__GA__GA_flex0__Base__Run_Model_Planning,ES,Electric Heater
136,electric-heating-existing_FR,buildings heat,26418458.31153491,21196388.879082773,7268994.234240346,wy2009__2030_wy2009__2040_wy2009__2050_wy2009__medium_bio__current__GA__GA_flex0__Base__Run_Model_Planning,FR,Electric Heater
137,electric-heating-existing_PT,buildings heat,1105189.5818972313,923713.6122528272,370983.6771708381,wy2009__2030_wy2009__2040_wy2009__2050_wy2009__medium_bio__current__GA__GA_flex0__Base__Run_Model_Planning,PT,Electric Heater
138,gas-boiler-existing_ES,buildings heat,5920945.221755979,2055036.0553317284,0.0,wy2009__2030_wy2009__2040_wy2009__2050_wy2009__medium_bio__current__GA__GA_flex0__Base__Run_Model_Planning,ES,Gas Boiler
139,gas-boiler-existing_FR,buildings heat,128092967.76255731,16393867.625015631,0.0,wy2009__2030_wy2009__2040_wy2009__2050_wy2009__medium_bio__current__GA__GA_flex0__Base__Run_Model_Planning,FR,Gas Boiler
140,gas-boiler-existing_PT,buildings heat,478129.2268917094,257455.7079351371,0.0,wy2009__2030_wy2009__2040_wy2009__2050_wy2009__medium_bio__current__GA__GA_flex0__Base__Run_Model_Planning,PT,Gas Boiler
141,gas-boiler_ES,buildings heat,52696627.41791678,47388661.07433127,39870635.78790314,wy2009__2030_wy2009__2040_wy2009__2050_wy2009__medium_bio__current__GA__GA_flex0__Base__Run_Model_Planning,ES,Gas Boiler
142,gas-boiler_FR,buildings heat,16268027.10761251,44628106.261232734,21584303.734577406,wy2009__2030_wy2009__2040_wy2009__2050_wy2009__medium_bio__current__GA__GA_flex0__Base__Run_Model_Planning,FR,Gas Boiler
143,gas-boiler_PT,buildings heat,6068455.760490608,4828795.230942097,4194681.3627390545,wy2009__2030_wy2009__2040_wy2009__2050_wy2009__medium_bio__current__GA__GA_flex0__Base__Run_Model_Planning,PT,Gas Boiler
144,gas-extraction_ES,methane,839084.3797167656,846971.6699814431,847644.8952445257,wy2009__2030_wy2009__2040_wy2009__2050_wy2009__medium_bio__current__GA__GA_flex0__Base__Run_Model_Planning,ES,Gas Extractions
145,gas-extraction_ES,emission,167816.87594335317,169394.33399628865,169528.97904890517,wy2009__2030_wy2009__2040_wy2009__2050_wy2009__medium_bio__current__GA__GA_flex0__Base__Run_Model_Planning,ES,Gas Extractions
146,ground-heatpump-existing_ES,buildings heat,1204769.8214222388,857400.2006921334,0.0,wy2009__2030_wy2009__2040_wy2009__2050_wy2009__medium_bio__current__GA__GA_flex0__Base__Run_Model_Planning,ES,Ground HP
147,ground-heatpump-existing_FR,buildings heat,18734291.246949278,13425220.0357775,0.0,wy2009__2030_wy2009__2040_wy2009__2050_wy2009__medium_bio__current__GA__GA_flex0__Base__Run_Model_Planning,FR,Ground HP
148,ground-heatpump-existing_PT,buildings heat,271161.77721794567,187206.18151041726,0.0,wy2009__2030_wy2009__2040_wy2009__2050_wy2009__medium_bio__current__GA__GA_flex0__Base__Run_Model_Planning,PT,Ground HP
149,ground-heatpump_ES,buildings heat,46548089.051011525,45241177.703825995,44212636.02240712,wy2009__2030_wy2009__2040_wy2009__2050_wy2009__medium_bio__current__GA__GA_flex0__Base__Run_Model_Planning,ES,Ground HP
150,ground-heatpump_FR,buildings heat,103200198.23159316,103412191.20689523,107002359.43448064,wy2009__2030_wy2009__2040_wy2009__2050_wy2009__medium_bio__current__GA__GA_flex0__Base__Run_Model_Planning,FR,Ground HP
151,ground-heatpump_PT,buildings heat,3752230.386640366,3595718.905336573,3553286.5339216674,wy2009__2030_wy2009__2040_wy2009__2050_wy2009__medium_bio__current__GA__GA_flex0__Base__Run_Model_Planning,PT,Ground HP
152,hydro-turbine_ES,electricity,21421124.063936513,21479795.39287764,20854132.513045326,wy2009__2030_wy2009__2040_wy2009__2050_wy2009__medium_bio__current__GA__GA_flex0__Base__Run_Model_Planning,ES,Hydro Turbine
153,hydro-turbine_FR,electricity,11066183.164299875,10866641.687162137,10348847.5408947,wy2009__2030_wy2009__2040_wy2009__2050_wy2009__medium_bio__current__GA__GA_flex0__Base__Run_Model_Planning,FR,Hydro Turbine
154,hydro-turbine_PT,electricity,2795302.5725149415,2800696.683520504,2720890.905598782,wy2009__2030_wy2009__2040_wy2009__2050_wy2009__medium_bio__current__GA__GA_flex0__Base__Run_Model_Planning,PT,Hydro Turbine
155,large-battery_ES__elec_ES,electricity,3.0074123090320674e-07,28634310.4491366,57727069.3940565,wy2009__2030_wy2009__2040_wy2009__2050_wy2009__medium_bio__current__GA__GA_flex0__Base__Run_Model_Planning,ES,Battery Charger
156,large-battery_ES__elec_ES,electricity,2.788700311298278e-07,25586630.601690136,50869170.36403616,wy2009__2030_wy2009__2040_wy2009__2050_wy2009__medium_bio__current__GA__GA_flex0__Base__Run_Model_Planning,ES,Battery Charger
157,large-battery_PT__elec_PT,electricity,4.42845526157286e-07,7647774.925616559,25440900.7416851,wy2009__2030_wy2009__2040_wy2009__2050_wy2009__medium_bio__current__GA__GA_flex0__Base__Run_Model_Planning,PT,Battery Charger
158,large-battery_PT__elec_PT,electricity,4.086720576233132e-07,6837365.909129248,22229394.46302289,wy2009__2030_wy2009__2040_wy2009__2050_wy2009__medium_bio__current__GA__GA_flex0__Base__Run_Model_Planning,PT,Battery Charger
159,nuclear-3-existing_ES,electricity,45327902.47162757,42410564.877377026,27779463.29894414,wy2009__2030_wy2009__2040_wy2009__2050_wy2009__medium_bio__current__GA__GA_flex0__Base__Run_Model_Planning,ES,Nuclear
160,nuclear-3-existing_FR,electricity,297746781.49598634,198244693.5088579,148260125.4458761,wy2009__2030_wy2009__2040_wy2009__2050_wy2009__medium_bio__current__GA__GA_flex0__Base__Run_Model_Planning,FR,Nuclear
161,nuclear-3_ES,electricity,77828769.67473277,78308125.19826305,75381106.26143146,wy2009__2030_wy2009__2040_wy2009__2050_wy2009__medium_bio__current__GA__GA_flex0__Base__Run_Model_Planning,ES,Nuclear
162,nuclear-3_PT,electricity,17272684.38474432,17772164.629500918,15855598.724897116,wy2009__2030_wy2009__2040_wy2009__2050_wy2009__medium_bio__current__GA__GA_flex0__Base__Run_Model_Planning,PT,Nuclear
163,oil-boiler-existing_ES,buildings heat,117154.81251036814,2.6663299501815734e-09,0.0,wy2009__2030_wy2009__2040_wy2009__2050_wy2009__medium_bio__current__GA__GA_flex0__Base__Run_Model_Planning,ES,Diesel Boiler
164,solar-PV-existing_ES,electricity,86396916.29018396,79011025.990435,0.0,wy2009__2030_wy2009__2040_wy2009__2050_wy2009__medium_bio__current__GA__GA_flex0__Base__Run_Model_Planning,ES,Solar
165,solar-PV-existing_FR,electricity,40685457.87134674,35032587.93757719,0.0,wy2009__2030_wy2009__2040_wy2009__2050_wy2009__medium_bio__current__GA__GA_flex0__Base__Run_Model_Planning,FR,Solar
166,solar-PV-existing_PT,electricity,11317947.19941051,9691374.88881972,0.0,wy2009__2030_wy2009__2040_wy2009__2050_wy2009__medium_bio__current__GA__GA_flex0__Base__Run_Model_Planning,PT,Solar
167,solar-PV-no-tracking_ES,electricity,54497292.33827874,137798597.3888517,290112976.24905634,wy2009__2030_wy2009__2040_wy2009__2050_wy2009__medium_bio__current__GA__GA_flex0__Base__Run_Model_Planning,ES,Solar
168,solar-PV-no-tracking_FR,electricity,92212540.60285851,149085128.56840587,168321231.16598988,wy2009__2030_wy2009__2040_wy2009__2050_wy2009__medium_bio__current__GA__GA_flex0__Base__Run_Model_Planning,FR,Solar
169,solar-PV-no-tracking_PT,electricity,22552854.54679904,34504500.02247577,82682014.63443226,wy2009__2030_wy2009__2040_wy2009__2050_wy2009__medium_bio__current__GA__GA_flex0__Base__Run_Model_Planning,PT,Solar
170,wind-off-existing_ATFR,electricity,6078526.197447465,4467449.765988821,0.0,wy2009__2030_wy2009__2040_wy2009__2050_wy2009__medium_bio__current__GA__GA_flex0__Base__Run_Model_Planning,FR,Offshore Wind
171,wind-on-SP199-HH100_ES,electricity,136656935.57762033,141168453.26292866,158319539.61134735,wy2009__2030_wy2009__2040_wy2009__2050_wy2009__medium_bio__current__GA__GA_flex0__Base__Run_Model_Planning,ES,Onshore Wind
172,wind-on-SP199-HH100_FR,electricity,281989353.0970612,471093974.0870968,559557984.38323,wy2009__2030_wy2009__2040_wy2009__2050_wy2009__medium_bio__current__GA__GA_flex0__Base__Run_Model_Planning,FR,Onshore Wind
173,wind-on-existing_ES,electricity,44225135.71096794,29996423.876437224,0.0,wy2009__2030_wy2009__2040_wy2009__2050_wy2009__medium_bio__current__GA__GA_flex0__Base__Run_Model_Planning,ES,Onshore Wind
174,wind-on-existing_FR,electricity,60288220.492433146,32038793.72761859,0.0,wy2009__2030_wy2009__2040_wy2009__2050_wy2009__medium_bio__current__GA__GA_flex0__Base__Run_Model_Planning,FR,Onshore Wind
175,wind-on-existing_PT,electricity,7735700.489473533,4461883.893601762,0.0,wy2009__2030_wy2009__2040_wy2009__2050_wy2009__medium_bio__current__GA__GA_flex0__Base__Run_Model_Planning,PT,Onshore Wind
